Cell_line,BRAF_mut,RB1_mut,MAPK1_del,MYC_mut,EGFR_mut,CDKN1B_del,Pelitinib
22RV1_PROSTATE,1.0,0.0,0.0,0.0,0.0,0.0,0.97560559
A204_SOFT_TISSUE,0.0,0.0,0.0,0.0,0.0,0.0,0.8859473449999999
A253_SALIVARY_GLAND,0.0,0.0,0.0,0.0,0.0,0.0,0.853298
A427_LUNG,0.0,0.0,0.0,0.0,0.0,0.0,0.9425857150000001
A431_SKIN,0.0,0.0,0.0,0.0,0.0,0.0,0.5257205949999999
A4FUK_HAEMATOPOIETIC_AND_LYMPHOID_TISSUE,0.0,0.0,0.0,1.0,0.0,0.0,0.950801915
A673_BONE,1.0,0.0,0.0,0.0,0.0,0.0,0.9828290566666666
ALLSIL_HAEMATOPOIETIC_AND_LYMPHOID_TISSUE,0.0,0.0,0.0,0.0,0.0,0.0,0.078682755
BICR78_UPPER_AERODIGESTIVE_TRACT,0.0,0.0,0.0,0.0,0.0,0.0,0.935164975
CADOES1_BONE,0.0,0.0,0.0,0.0,0.0,0.0,0.875099235
CCFSTTG1_CENTRAL_NERVOUS_SYSTEM,1.0,0.0,0.0,0.0,0.0,0.0,0.969366575
CL11_LARGE_INTESTINE,0.0,0.0,0.0,0.0,0.0,0.0,0.99039631
CORL23_LUNG,0.0,0.0,0.0,0.0,0.0,0.0,0.8036790149999999
D283MED_CENTRAL_NERVOUS_SYSTEM,0.0,0.0,0.0,0.0,0.0,0.0,0.992265245
DMS53_LUNG,0.0,0.0,1.0,0.0,0.0,0.0,0.99010879
DOV13_OVARY,0.0,0.0,0.0,0.0,0.0,0.0,0.97022086
EGI1_BILIARY_TRACT,0.0,0.0,0.0,0.0,0.0,0.0,0.90190992
ESO26_OESOPHAGUS,0.0,0.0,0.0,0.0,0.0,0.0,0.44222156
ESO51_OESOPHAGUS,0.0,0.0,0.0,0.0,0.0,0.0,0.97242834
FLO1_OESOPHAGUS,0.0,0.0,0.0,0.0,0.0,0.0,0.837163005
G401_SOFT_TISSUE,0.0,0.0,0.0,0.0,0.0,0.0,0.8824232799999999
G402_SOFT_TISSUE,0.0,0.0,0.0,0.0,0.0,0.0,0.9215231300000001
GIMEN_AUTONOMIC_GANGLIA,0.0,0.0,0.0,0.0,0.0,0.0,0.8773380049999999
HEL9217_HAEMATOPOIETIC_AND_LYMPHOID_TISSUE,0.0,0.0,0.0,0.0,0.0,0.0,0.397467
JAR_PLACENTA,0.0,0.0,0.0,0.0,0.0,0.0,0.7765183849999999
K562_HAEMATOPOIETIC_AND_LYMPHOID_TISSUE,0.0,0.0,0.0,0.0,0.0,0.0,0.8725777349999999
KYSE140_OESOPHAGUS,0.0,0.0,0.0,0.0,0.0,0.0,0.41177542
NCIH1048_LUNG,0.0,1.0,0.0,0.0,0.0,0.0,0.92507595
NCIH1092_LUNG,0.0,0.0,0.0,0.0,0.0,0.0,0.9802716899999999
NCIH1915_LUNG,0.0,0.0,0.0,0.0,0.0,0.0,0.9282573766666666
NCIH3122_LUNG,0.0,0.0,0.0,0.0,0.0,0.0,0.90025288
NCIH446_LUNG,0.0,1.0,0.0,0.0,0.0,0.0,0.908776005
NCIH526_LUNG,0.0,1.0,0.0,0.0,0.0,0.0,0.9256373250000001
OACM51_OESOPHAGUS,0.0,0.0,0.0,0.0,0.0,0.0,0.9560128050000001
OCUM1_STOMACH,0.0,0.0,0.0,0.0,0.0,0.0,0.98441344
PF382_HAEMATOPOIETIC_AND_LYMPHOID_TISSUE,0.0,0.0,0.0,1.0,0.0,0.0,0.208099215
RH41_SOFT_TISSUE,0.0,0.0,0.0,0.0,0.0,0.0,0.9853452650000001
SAOS2_BONE,0.0,1.0,0.0,0.0,0.0,0.0,0.97729176
SIHA_CERVIX,0.0,0.0,0.0,0.0,0.0,0.0,0.987690415
SKES1_BONE,0.0,0.0,0.0,0.0,0.0,0.0,0.7916677933333333
SKGT4_OESOPHAGUS,0.0,0.0,0.0,0.0,0.0,0.0,0.9034742099999999
SKPNDW_BONE,0.0,1.0,0.0,0.0,0.0,0.0,0.9247042000000001
SW13_ADRENAL_CORTEX,0.0,0.0,0.0,0.0,0.0,0.0,0.96138693
SW626_OVARY,0.0,0.0,0.0,0.0,0.0,0.0,0.8742351999999999
SW954_VULVA,0.0,0.0,0.0,0.0,0.0,0.0,0.65438311
SW982_SOFT_TISSUE,1.0,0.0,0.0,0.0,0.0,0.0,0.908030305
TC71_BONE,0.0,0.0,0.0,0.0,1.0,0.0,0.9599179266666668
AMO1_HAEMATOPOIETIC_AND_LYMPHOID_TISSUE,0.0,0.0,0.0,0.0,1.0,0.0,0.968638895
BICR31_UPPER_AERODIGESTIVE_TRACT,0.0,0.0,0.0,0.0,0.0,0.0,0.8446053900000001
BL41_HAEMATOPOIETIC_AND_LYMPHOID_TISSUE,0.0,0.0,0.0,1.0,0.0,0.0,0.657769365
CALU3_LUNG,0.0,0.0,0.0,0.0,0.0,0.0,0.68584661
CMK_HAEMATOPOIETIC_AND_LYMPHOID_TISSUE,0.0,0.0,0.0,0.0,0.0,0.0,0.26132476
COLO783_SKIN,1.0,0.0,0.0,0.0,0.0,0.0,0.989185505
CORL311_LUNG,0.0,1.0,0.0,0.0,0.0,0.0,0.93495425
CORL95_LUNG,0.0,1.0,0.0,0.0,0.0,0.0,0.9663311450000001
DMS79_LUNG,0.0,1.0,0.0,0.0,0.0,0.0,0.9903170299999999
DND41_HAEMATOPOIETIC_AND_LYMPHOID_TISSUE,0.0,1.0,0.0,0.0,1.0,0.0,0.904794635
EJM_HAEMATOPOIETIC_AND_LYMPHOID_TISSUE,0.0,0.0,0.0,0.0,0.0,0.0,0.92368929
ESS1_ENDOMETRIUM,0.0,1.0,0.0,0.0,0.0,0.0,0.969952715
GDM1_HAEMATOPOIETIC_AND_LYMPHOID_TISSUE,0.0,0.0,0.0,0.0,0.0,0.0,0.458955315
GRANTA519_HAEMATOPOIETIC_AND_LYMPHOID_TISSUE,0.0,0.0,0.0,0.0,0.0,0.0,0.9588564399999999
HCC1143_BREAST,0.0,0.0,0.0,0.0,0.0,0.0,0.8478412200000001
HCC1395_BREAST,0.0,0.0,0.0,0.0,0.0,0.0,0.8920718400000001
HCC78_LUNG,0.0,0.0,0.0,1.0,0.0,0.0,0.86756843
HEP3B217_LIVER,0.0,1.0,0.0,0.0,0.0,0.0,0.985730445
HEYA8_OVARY,1.0,0.0,0.0,0.0,0.0,0.0,0.904557
HS578T_BREAST,0.0,0.0,0.0,0.0,0.0,0.0,0.9904382549999999
HS766T_PANCREAS,0.0,0.0,0.0,0.0,0.0,0.0,0.9865605866666667
HS939T_SKIN,1.0,0.0,0.0,0.0,0.0,0.0,0.9904149800000001
HS940T_SKIN,0.0,0.0,0.0,0.0,0.0,0.0,0.89154391
HSC4_UPPER_AERODIGESTIVE_TRACT,0.0,0.0,0.0,0.0,0.0,0.0,0.88020188
HT55_LARGE_INTESTINE,1.0,0.0,0.0,0.0,0.0,0.0,0.993195915
HT_HAEMATOPOIETIC_AND_LYMPHOID_TISSUE,0.0,1.0,0.0,0.0,0.0,0.0,0.95945495
HUH1_LIVER,0.0,0.0,0.0,0.0,0.0,1.0,0.98199555
JHOS2_OVARY,0.0,0.0,0.0,0.0,0.0,0.0,0.9303971400000001
JIMT1_BREAST,0.0,0.0,0.0,0.0,0.0,0.0,0.89570712
JJN3_HAEMATOPOIETIC_AND_LYMPHOID_TISSUE,0.0,0.0,0.0,0.0,0.0,0.0,0.952396725
JM1_HAEMATOPOIETIC_AND_LYMPHOID_TISSUE,0.0,0.0,0.0,1.0,0.0,1.0,0.902999345
JURLMK1_HAEMATOPOIETIC_AND_LYMPHOID_TISSUE,0.0,0.0,0.0,0.0,0.0,0.0,0.8041166
KARPAS620_HAEMATOPOIETIC_AND_LYMPHOID_TISSUE,0.0,0.0,0.0,0.0,0.0,0.0,0.756650695
KCL22_HAEMATOPOIETIC_AND_LYMPHOID_TISSUE,1.0,0.0,0.0,0.0,0.0,0.0,0.870115945
KMRC2_KIDNEY,0.0,0.0,0.0,0.0,0.0,0.0,0.989333
KMS11_HAEMATOPOIETIC_AND_LYMPHOID_TISSUE,0.0,0.0,0.0,0.0,0.0,0.0,0.9933872800000001
KMS12BM_HAEMATOPOIETIC_AND_LYMPHOID_TISSUE,0.0,0.0,0.0,0.0,0.0,0.0,0.69488019
KOPN8_HAEMATOPOIETIC_AND_LYMPHOID_TISSUE,0.0,0.0,0.0,0.0,0.0,0.0,0.6895084499999999
KP2_PANCREAS,0.0,0.0,0.0,0.0,0.0,0.0,0.8977720733333333
L1236_HAEMATOPOIETIC_AND_LYMPHOID_TISSUE,0.0,0.0,0.0,0.0,0.0,0.0,0.9657879
LNCAPCLONEFGC_PROSTATE,0.0,0.0,0.0,1.0,0.0,0.0,0.863054275
LP1_HAEMATOPOIETIC_AND_LYMPHOID_TISSUE,0.0,0.0,0.0,0.0,0.0,0.0,0.980627755
MDAMB415_BREAST,1.0,0.0,0.0,0.0,0.0,0.0,0.984724055
MDAMB436_BREAST,1.0,0.0,0.0,0.0,0.0,0.0,0.986857175
ME1_HAEMATOPOIETIC_AND_LYMPHOID_TISSUE,0.0,0.0,0.0,0.0,0.0,0.0,0.8670410499999999
MFE296_ENDOMETRIUM,0.0,0.0,0.0,0.0,0.0,0.0,0.9874809466666666
MOLM13_HAEMATOPOIETIC_AND_LYMPHOID_TISSUE,0.0,0.0,0.0,0.0,0.0,0.0,0.5480290750000001
MOLP8_HAEMATOPOIETIC_AND_LYMPHOID_TISSUE,0.0,0.0,0.0,0.0,0.0,0.0,0.7972642000000001
NAMALWA_HAEMATOPOIETIC_AND_LYMPHOID_TISSUE,0.0,0.0,0.0,1.0,0.0,0.0,0.7209332150000001
NB1_AUTONOMIC_GANGLIA,1.0,0.0,0.0,0.0,0.0,0.0,0.9331010499999999
NB4_HAEMATOPOIETIC_AND_LYMPHOID_TISSUE,0.0,0.0,0.0,0.0,0.0,0.0,0.49205292
NCIH1436_LUNG,0.0,0.0,0.0,0.0,0.0,0.0,0.9794037849999999
NCIH1836_LUNG,0.0,0.0,0.0,0.0,0.0,0.0,0.9887090700000001
NCIH1944_LUNG,0.0,0.0,0.0,0.0,0.0,0.0,0.8252028266666667
NCIH2172_LUNG,0.0,1.0,0.0,0.0,1.0,0.0,0.9638011533333334
NUGC4_STOMACH,0.0,0.0,0.0,0.0,0.0,0.0,0.896526945
OCIAML5_HAEMATOPOIETIC_AND_LYMPHOID_TISSUE,0.0,0.0,0.0,0.0,0.0,0.0,0.79588777
OCILY19_HAEMATOPOIETIC_AND_LYMPHOID_TISSUE,0.0,0.0,0.0,0.0,0.0,0.0,0.570841975
OCIM1_HAEMATOPOIETIC_AND_LYMPHOID_TISSUE,0.0,0.0,0.0,0.0,0.0,0.0,0.8383087950000001
OV90_OVARY,1.0,0.0,0.0,0.0,0.0,0.0,0.9731313233333334
OVTOKO_OVARY,0.0,0.0,0.0,0.0,0.0,0.0,0.828581435
PANC0203_PANCREAS,0.0,0.0,0.0,0.0,0.0,0.0,0.807499405
PANC0403_PANCREAS,1.0,0.0,0.0,0.0,0.0,0.0,0.9795006850000001
PATU8902_PANCREAS,0.0,0.0,0.0,0.0,0.0,0.0,0.9375298466666666
PL21_HAEMATOPOIETIC_AND_LYMPHOID_TISSUE,0.0,0.0,0.0,1.0,0.0,0.0,0.75648761
RKN_SOFT_TISSUE,0.0,0.0,0.0,0.0,0.0,0.0,0.70657521
RPMI8402_HAEMATOPOIETIC_AND_LYMPHOID_TISSUE,0.0,0.0,0.0,0.0,0.0,0.0,0.14967034
SF295_CENTRAL_NERVOUS_SYSTEM,0.0,0.0,0.0,0.0,0.0,0.0,0.97651734
SIGM5_HAEMATOPOIETIC_AND_LYMPHOID_TISSUE,1.0,0.0,0.0,0.0,0.0,0.0,0.49574579999999996
SIMA_AUTONOMIC_GANGLIA,0.0,0.0,0.0,0.0,0.0,0.0,0.9614268833333334
SKCO1_LARGE_INTESTINE,0.0,0.0,0.0,0.0,0.0,0.0,0.9894644866666668
SNGM_ENDOMETRIUM,0.0,0.0,0.0,0.0,0.0,0.0,0.5858017166666666
SNU175_LARGE_INTESTINE,0.0,1.0,0.0,0.0,1.0,0.0,0.83941434
SNU61_LARGE_INTESTINE,0.0,0.0,0.0,0.0,0.0,0.0,0.760226335
SUDHL10_HAEMATOPOIETIC_AND_LYMPHOID_TISSUE,0.0,0.0,0.0,1.0,0.0,0.0,0.5842918450000001
SUDHL4_HAEMATOPOIETIC_AND_LYMPHOID_TISSUE,0.0,0.0,0.0,0.0,0.0,0.0,0.9342433166666666
SUDHL5_HAEMATOPOIETIC_AND_LYMPHOID_TISSUE,0.0,0.0,0.0,1.0,0.0,0.0,0.852242545
SUDHL6_HAEMATOPOIETIC_AND_LYMPHOID_TISSUE,0.0,0.0,0.0,0.0,0.0,1.0,0.5729011399999999
SUDHL8_HAEMATOPOIETIC_AND_LYMPHOID_TISSUE,1.0,0.0,0.0,1.0,0.0,0.0,0.7869034399999999
SUPHD1_HAEMATOPOIETIC_AND_LYMPHOID_TISSUE,0.0,0.0,0.0,0.0,1.0,0.0,0.848428065
SUPM2_HAEMATOPOIETIC_AND_LYMPHOID_TISSUE,0.0,0.0,0.0,0.0,0.0,0.0,0.7312521949999999
SW1271_LUNG,1.0,0.0,0.0,1.0,0.0,0.0,0.8958668833333333
SW1353_BONE,0.0,0.0,0.0,0.0,0.0,0.0,0.966498
SW1573_LUNG,0.0,0.0,0.0,0.0,0.0,0.0,0.95377494
TE617T_SOFT_TISSUE,0.0,0.0,0.0,0.0,0.0,0.0,0.885156
TOV21G_OVARY,0.0,0.0,0.0,0.0,0.0,0.0,0.817954955
TT_OESOPHAGUS,0.0,0.0,0.0,0.0,0.0,0.0,0.921255215
TYKNU_OVARY,0.0,0.0,0.0,0.0,0.0,0.0,0.9890909633333332
WM793_SKIN,1.0,0.0,0.0,0.0,0.0,0.0,0.878721335
WSUDLCL2_HAEMATOPOIETIC_AND_LYMPHOID_TISSUE,0.0,0.0,0.0,0.0,0.0,0.0,0.91731421
2313287_STOMACH,0.0,0.0,0.0,0.0,0.0,0.0,0.9615581200000001
5637_URINARY_TRACT,0.0,1.0,0.0,0.0,0.0,0.0,0.8451706649999999
786O_KIDNEY,0.0,0.0,0.0,0.0,0.0,0.0,0.81668181
A2780_OVARY,1.0,0.0,0.0,0.0,0.0,0.0,0.637718405
A375_SKIN,1.0,0.0,0.0,0.0,0.0,0.0,0.99334522
AGS_STOMACH,0.0,0.0,0.0,0.0,0.0,0.0,0.974213185
C2BBE1_LARGE_INTESTINE,0.0,0.0,0.0,0.0,0.0,0.0,0.77724207
CAKI1_KIDNEY,0.0,1.0,0.0,0.0,0.0,0.0,0.724213315
CAL27_UPPER_AERODIGESTIVE_TRACT,0.0,0.0,0.0,0.0,0.0,0.0,0.621536945
CHP212_AUTONOMIC_GANGLIA,0.0,0.0,0.0,0.0,0.0,0.0,0.82737382
COLO668_LUNG,0.0,1.0,0.0,0.0,0.0,0.0,0.9841373449999999
CORL279_LUNG,0.0,0.0,0.0,0.0,0.0,0.0,0.99152434
CORL88_LUNG,0.0,1.0,0.0,0.0,0.0,0.0,0.980930445
DAOY_CENTRAL_NERVOUS_SYSTEM,0.0,0.0,0.0,0.0,0.0,0.0,0.79268697
DB_HAEMATOPOIETIC_AND_LYMPHOID_TISSUE,0.0,0.0,0.0,0.0,0.0,0.0,0.849976745
DMS114_LUNG,0.0,0.0,0.0,0.0,0.0,0.0,0.9760142549999999
DMS273_LUNG,0.0,1.0,0.0,0.0,0.0,0.0,0.9614987150000001
DU145_PROSTATE,0.0,1.0,0.0,0.0,0.0,0.0,0.97712805
EFO27_OVARY,0.0,0.0,0.0,1.0,0.0,0.0,0.8318234200000001
FADU_UPPER_AERODIGESTIVE_TRACT,0.0,0.0,0.0,0.0,0.0,0.0,0.89351645
FU97_STOMACH,0.0,0.0,0.0,0.0,0.0,0.0,0.960656745
G361_SKIN,1.0,0.0,0.0,0.0,0.0,0.0,0.89714466
GCIY_STOMACH,0.0,0.0,0.0,0.0,0.0,0.0,0.79448902
HARA_LUNG,0.0,0.0,0.0,0.0,0.0,0.0,0.784272675
HCC15_LUNG,0.0,1.0,0.0,0.0,0.0,0.0,0.95108203
HCC33_LUNG,0.0,1.0,0.0,0.0,1.0,0.0,0.9288769299999999
HCC44_LUNG,0.0,1.0,0.0,0.0,0.0,0.0,0.929901965
HCT116_LARGE_INTESTINE,0.0,0.0,0.0,0.0,0.0,0.0,0.76368744
HCT15_LARGE_INTESTINE,0.0,0.0,0.0,0.0,0.0,0.0,0.884403005
HGC27_STOMACH,0.0,0.0,0.0,0.0,0.0,0.0,0.9752194066666666
HS746T_STOMACH,0.0,0.0,0.0,0.0,0.0,0.0,0.7751702733333333
HSC3_UPPER_AERODIGESTIVE_TRACT,0.0,0.0,0.0,0.0,0.0,0.0,0.94553417
HT29_LARGE_INTESTINE,1.0,0.0,0.0,0.0,0.0,0.0,0.9039726100000001
IM95_STOMACH,0.0,0.0,0.0,0.0,0.0,0.0,0.726417615
KYSE180_OESOPHAGUS,1.0,0.0,0.0,0.0,0.0,0.0,0.87650893
KYSE410_OESOPHAGUS,0.0,0.0,0.0,0.0,0.0,0.0,0.8594241933333334
KYSE450_OESOPHAGUS,0.0,0.0,0.0,0.0,1.0,0.0,0.116353895
LOXIMVI_SKIN,1.0,0.0,0.0,0.0,0.0,0.0,0.9843020299999999
MKN45_STOMACH,0.0,0.0,0.0,0.0,1.0,0.0,0.9516342333333334
MSTO211H_PLEURA,0.0,0.0,0.0,0.0,0.0,0.0,0.9934662
NCIH1299_LUNG,0.0,0.0,0.0,0.0,0.0,0.0,0.9314395599999999
NCIH1437_LUNG,0.0,0.0,0.0,0.0,0.0,0.0,0.94785122
NCIH1651_LUNG,1.0,0.0,0.0,0.0,0.0,0.0,0.98804627
NCIH1666_LUNG,1.0,0.0,0.0,0.0,0.0,1.0,0.8343365966666667
NCIH1694_LUNG,0.0,1.0,0.0,0.0,0.0,0.0,0.927027685
NCIH1876_LUNG,0.0,1.0,0.0,0.0,0.0,0.0,0.955902005
NCIH196_LUNG,0.0,1.0,0.0,0.0,0.0,1.0,0.94886474
NCIH2029_LUNG,0.0,1.0,0.0,0.0,0.0,0.0,0.994870535
NCIH2052_PLEURA,0.0,0.0,0.0,0.0,0.0,0.0,0.9608533050000001
NCIH2081_LUNG,0.0,1.0,0.0,0.0,0.0,0.0,0.981105055
NCIH209_LUNG,0.0,1.0,0.0,0.0,0.0,0.0,0.844262595
NCIH211_LUNG,0.0,0.0,0.0,0.0,0.0,0.0,0.9848009766666667
NCIH2122_LUNG,0.0,0.0,0.0,0.0,0.0,0.0,0.8892540849999999
NCIH2170_LUNG,0.0,0.0,0.0,0.0,0.0,0.0,0.9200402299999999
NCIH2171_LUNG,0.0,1.0,0.0,0.0,0.0,1.0,0.9468257
NCIH2196_LUNG,0.0,1.0,0.0,0.0,0.0,0.0,0.9746898500000001
NCIH2227_LUNG,1.0,1.0,0.0,0.0,0.0,0.0,0.98071029
NCIH510_LUNG,0.0,1.0,0.0,0.0,0.0,0.0,0.9923787500000001
NCIH522_LUNG,0.0,0.0,0.0,0.0,0.0,0.0,0.9717439899999999
NCIH524_LUNG,0.0,1.0,0.0,0.0,0.0,0.0,0.91874944
NCIH650_LUNG,0.0,0.0,0.0,0.0,0.0,0.0,0.9064278050000001
NCIH661_LUNG,0.0,0.0,0.0,0.0,0.0,0.0,0.8543124049999999
NCIH69_LUNG,0.0,1.0,0.0,1.0,0.0,0.0,0.9856558099999999
NCIH747_LARGE_INTESTINE,0.0,0.0,0.0,0.0,0.0,0.0,0.234095255
NCIH82_LUNG,0.0,1.0,0.0,0.0,0.0,0.0,0.99213119
NCIH841_LUNG,0.0,0.0,0.0,0.0,0.0,0.0,0.95793137
NUGC3_STOMACH,0.0,0.0,0.0,0.0,0.0,0.0,0.8996494450000001
ONS76_CENTRAL_NERVOUS_SYSTEM,0.0,0.0,0.0,0.0,0.0,0.0,0.792514555
OPM2_HAEMATOPOIETIC_AND_LYMPHOID_TISSUE,0.0,0.0,0.0,0.0,0.0,0.0,0.83559244
PC14_LUNG,0.0,0.0,0.0,0.0,1.0,0.0,0.45744733
PC3_PROSTATE,0.0,0.0,0.0,0.0,0.0,0.0,0.9489206333333334
RERFGC1B_STOMACH,0.0,1.0,0.0,0.0,0.0,0.0,0.9004661599999999
RERFLCMS_LUNG,0.0,0.0,0.0,0.0,0.0,0.0,0.97402459
RKO_LARGE_INTESTINE,1.0,0.0,0.0,1.0,0.0,0.0,0.5865415233333333
RT112_URINARY_TRACT,0.0,0.0,0.0,1.0,0.0,0.0,0.987380665
SBC5_LUNG,0.0,0.0,0.0,0.0,0.0,0.0,0.9948714266666666
SCC25_UPPER_AERODIGESTIVE_TRACT,0.0,0.0,0.0,0.0,0.0,0.0,0.6710387
SCC4_UPPER_AERODIGESTIVE_TRACT,0.0,0.0,0.0,0.0,0.0,0.0,0.965525245
SHP77_LUNG,0.0,0.0,0.0,0.0,1.0,0.0,0.87347683
SKHEP1_LIVER,1.0,0.0,0.0,0.0,0.0,0.0,0.9893949233333332
SKLMS1_SOFT_TISSUE,0.0,0.0,0.0,0.0,0.0,0.0,0.88544728
SKMEL30_SKIN,1.0,0.0,0.0,0.0,0.0,0.0,0.9301658466666666
SKMES1_LUNG,0.0,0.0,0.0,0.0,1.0,0.0,0.41830308
SKOV3_OVARY,0.0,0.0,0.0,0.0,0.0,0.0,0.765942955
SNU16_STOMACH,1.0,0.0,0.0,0.0,0.0,0.0,0.993776615
SNU1_STOMACH,1.0,0.0,0.0,0.0,0.0,0.0,0.851571335
SNU387_LIVER,0.0,0.0,0.0,0.0,0.0,0.0,0.93404378
SNU423_LIVER,0.0,0.0,0.0,0.0,0.0,0.0,0.8338347066666666
SNU475_LIVER,0.0,0.0,0.0,0.0,0.0,0.0,0.98107078
SW900_LUNG,0.0,0.0,0.0,1.0,0.0,0.0,0.9527728066666666
T24_URINARY_TRACT,0.0,0.0,0.0,0.0,0.0,0.0,0.911643455
TE11_OESOPHAGUS,0.0,0.0,0.0,0.0,0.0,0.0,0.9600144666666667
TE5_OESOPHAGUS,0.0,0.0,0.0,0.0,0.0,0.0,0.9151474433333333
U2OS_BONE,0.0,0.0,0.0,0.0,0.0,0.0,0.91804303
U87MG_CENTRAL_NERVOUS_SYSTEM,0.0,0.0,0.0,0.0,0.0,0.0,0.9841032933333334
UACC257_SKIN,1.0,0.0,0.0,0.0,0.0,0.0,0.9607735
769P_KIDNEY,0.0,0.0,0.0,0.0,0.0,0.0,0.44309724
8305C_THYROID,1.0,0.0,0.0,0.0,0.0,0.0,0.96958654
A101D_SKIN,1.0,0.0,0.0,0.0,0.0,0.0,0.9842316799999999
A2058_SKIN,1.0,1.0,0.0,0.0,0.0,0.0,0.9623665349999999
A3KAW_HAEMATOPOIETIC_AND_LYMPHOID_TISSUE,0.0,0.0,0.0,1.0,0.0,0.0,0.421495255
A704_KIDNEY,0.0,0.0,0.0,0.0,0.0,0.0,0.99169482
ABC1_LUNG,0.0,0.0,0.0,0.0,0.0,0.0,0.83558472
ACHN_KIDNEY,0.0,0.0,0.0,0.0,0.0,0.0,0.81147884
AN3CA_ENDOMETRIUM,0.0,0.0,0.0,0.0,0.0,0.0,0.98299357
AU565_BREAST,0.0,0.0,0.0,0.0,1.0,0.0,0.549950845
BFTC909_KIDNEY,0.0,0.0,0.0,0.0,0.0,0.0,0.990066305
BT20_BREAST,0.0,1.0,0.0,0.0,0.0,0.0,0.8954113866666665
BT474_BREAST,0.0,0.0,0.0,0.0,0.0,0.0,0.426000325
BT483_BREAST,0.0,0.0,0.0,0.0,0.0,0.0,0.92600259
CAL120_BREAST,0.0,0.0,0.0,0.0,0.0,0.0,0.793435015
CAL51_BREAST,0.0,0.0,0.0,0.0,0.0,0.0,0.976325865
CAL54_KIDNEY,0.0,0.0,0.0,0.0,0.0,0.0,0.9304850600000001
CAL851_BREAST,0.0,1.0,0.0,0.0,0.0,0.0,0.5220755850000001
CALU6_LUNG,0.0,0.0,0.0,0.0,1.0,0.0,0.724649745
CAMA1_BREAST,0.0,0.0,0.0,0.0,0.0,0.0,0.961811985
CAOV3_OVARY,0.0,0.0,0.0,0.0,1.0,0.0,0.9312186
CAPAN1_PANCREAS,0.0,0.0,0.0,0.0,0.0,0.0,0.817560925
CAS1_CENTRAL_NERVOUS_SYSTEM,0.0,0.0,0.0,0.0,0.0,0.0,0.8065685149999999
CCK81_LARGE_INTESTINE,1.0,0.0,0.0,0.0,1.0,0.0,0.10337565
CHAGOK1_LUNG,0.0,1.0,0.0,0.0,0.0,0.0,0.967222125
COLO829_SKIN,1.0,0.0,0.0,0.0,0.0,0.0,0.964559635
DANG_PANCREAS,0.0,0.0,0.0,0.0,0.0,0.0,0.9736279750000001
DETROIT562_UPPER_AERODIGESTIVE_TRACT,0.0,0.0,0.0,0.0,0.0,0.0,0.9639464699999999
DU4475_BREAST,1.0,0.0,0.0,0.0,0.0,0.0,0.9445262750000001
EBC1_LUNG,0.0,0.0,0.0,0.0,0.0,0.0,0.957739355
EFM192A_BREAST,0.0,0.0,0.0,0.0,0.0,0.0,0.96955121
EFM19_BREAST,0.0,0.0,0.0,0.0,0.0,0.0,0.9780644866666665
EFO21_OVARY,0.0,0.0,0.0,0.0,0.0,1.0,0.7756101500000001
EOL1_HAEMATOPOIETIC_AND_LYMPHOID_TISSUE,0.0,0.0,0.0,0.0,0.0,0.0,0.8964655400000001
ES2_OVARY,1.0,0.0,0.0,0.0,0.0,0.0,0.9653146466666667
FUOV1_OVARY,0.0,0.0,0.0,0.0,0.0,0.0,0.8554320366666667
GAMG_CENTRAL_NERVOUS_SYSTEM,0.0,0.0,0.0,0.0,0.0,0.0,0.9009243966666666
GB1_CENTRAL_NERVOUS_SYSTEM,0.0,0.0,0.0,0.0,0.0,0.0,0.9392719999999999
GI1_CENTRAL_NERVOUS_SYSTEM,0.0,1.0,0.0,1.0,0.0,0.0,0.95218757
H4_CENTRAL_NERVOUS_SYSTEM,0.0,0.0,0.0,0.0,0.0,0.0,0.9159496899999999
HCC1187_BREAST,0.0,0.0,0.0,0.0,0.0,0.0,0.88494409
HCC1419_BREAST,0.0,0.0,0.0,0.0,0.0,0.0,0.65948314
HCC1428_BREAST,0.0,0.0,0.0,0.0,0.0,0.0,0.9700367400000001
HCC1500_BREAST,0.0,0.0,0.0,0.0,0.0,0.0,0.9275965449999999
HCC1569_BREAST,0.0,0.0,0.0,0.0,0.0,0.0,0.8462540633333333
HCC1599_BREAST,0.0,0.0,0.0,0.0,0.0,1.0,0.39721175000000003
HCC1937_BREAST,0.0,0.0,0.0,0.0,0.0,0.0,0.8848589899999999
HCC1954_BREAST,0.0,0.0,0.0,0.0,0.0,0.0,0.75848805
HCC2157_BREAST,0.0,0.0,0.0,0.0,0.0,0.0,0.9899879600000001
HCC38_BREAST,0.0,0.0,0.0,0.0,1.0,0.0,0.9029386450000001
HCC70_BREAST,0.0,1.0,0.0,0.0,0.0,0.0,0.9795496733333334
HCC827_LUNG,0.0,0.0,0.0,0.0,1.0,0.0,0.28523427
HDQP1_BREAST,0.0,0.0,0.0,0.0,0.0,0.0,0.95494713
HPAC_PANCREAS,0.0,0.0,0.0,0.0,0.0,0.0,0.69191589
HT115_LARGE_INTESTINE,1.0,0.0,0.0,0.0,0.0,0.0,0.9730745749999999
HT1376_URINARY_TRACT,0.0,1.0,0.0,0.0,0.0,0.0,0.985266545
HT144_SKIN,1.0,0.0,0.0,0.0,0.0,0.0,0.969946475
HUTU80_SMALL_INTESTINE,0.0,0.0,0.0,0.0,0.0,0.0,0.74900219
JHH1_LIVER,0.0,0.0,0.0,0.0,0.0,0.0,0.38504151
JHH7_LIVER,0.0,0.0,0.0,0.0,0.0,0.0,0.9741430200000001
KALS1_CENTRAL_NERVOUS_SYSTEM,0.0,0.0,0.0,0.0,0.0,0.0,0.9453199733333332
KARPAS299_HAEMATOPOIETIC_AND_LYMPHOID_TISSUE,0.0,0.0,0.0,0.0,0.0,0.0,0.9305336466666666
KLE_ENDOMETRIUM,0.0,0.0,0.0,0.0,0.0,0.0,0.768994985
KM12_LARGE_INTESTINE,1.0,0.0,0.0,0.0,1.0,0.0,0.7130427749999999
KNS81_CENTRAL_NERVOUS_SYSTEM,0.0,0.0,0.0,0.0,1.0,0.0,0.971188
KU1919_URINARY_TRACT,0.0,0.0,1.0,0.0,0.0,0.0,0.9877148550000001
KYM1_SOFT_TISSUE,0.0,0.0,0.0,0.0,0.0,0.0,0.9943214033333333
KYSE520_OESOPHAGUS,0.0,0.0,0.0,0.0,0.0,0.0,0.9814766333333332
KYSE70_OESOPHAGUS,0.0,0.0,0.0,0.0,1.0,0.0,0.9426964449999999
LAMA84_HAEMATOPOIETIC_AND_LYMPHOID_TISSUE,0.0,0.0,0.0,0.0,0.0,0.0,0.70661302
LK2_LUNG,0.0,0.0,0.0,0.0,0.0,0.0,0.9846959350000001
LN18_CENTRAL_NERVOUS_SYSTEM,0.0,0.0,0.0,0.0,0.0,0.0,0.9963420533333333
LN229_CENTRAL_NERVOUS_SYSTEM,0.0,0.0,0.0,0.0,0.0,0.0,0.9414018200000001
LOVO_LARGE_INTESTINE,0.0,0.0,0.0,0.0,0.0,0.0,0.93652885
LS180_LARGE_INTESTINE,1.0,0.0,0.0,0.0,0.0,0.0,0.8766335199999999
LS411N_LARGE_INTESTINE,1.0,0.0,0.0,0.0,1.0,0.0,0.608014045
LS513_LARGE_INTESTINE,1.0,0.0,0.0,0.0,0.0,0.0,0.495553275
LU99_LUNG,0.0,0.0,0.0,0.0,0.0,0.0,0.969111
MCF7_BREAST,0.0,0.0,0.0,0.0,0.0,0.0,0.98928779
MDAMB157_BREAST,0.0,0.0,0.0,0.0,0.0,0.0,0.99105285
MDAMB175VII_BREAST,0.0,0.0,0.0,0.0,0.0,0.0,0.20359218499999998
MDAMB231_BREAST,1.0,0.0,0.0,0.0,0.0,0.0,0.96299113
MDAMB361_BREAST,1.0,0.0,0.0,0.0,1.0,0.0,0.797131805
MDAMB453_BREAST,0.0,0.0,0.0,0.0,0.0,0.0,0.655885695
MFE280_ENDOMETRIUM,0.0,0.0,0.0,0.0,0.0,0.0,0.7999256349999999
MFE319_ENDOMETRIUM,1.0,0.0,0.0,0.0,0.0,0.0,0.97915581
MIAPACA2_PANCREAS,0.0,0.0,0.0,0.0,0.0,0.0,0.98848535
MKN1_STOMACH,0.0,0.0,0.0,0.0,0.0,0.0,0.868871515
MV411_HAEMATOPOIETIC_AND_LYMPHOID_TISSUE,0.0,0.0,0.0,0.0,0.0,0.0,0.471620165
NCIH1355_LUNG,0.0,0.0,0.0,0.0,1.0,0.0,0.9732471633333334
NCIH1435_LUNG,0.0,0.0,0.0,0.0,0.0,0.0,0.995154265
NCIH1693_LUNG,0.0,0.0,1.0,0.0,0.0,0.0,0.7313118750000001
NCIH1703_LUNG,0.0,0.0,0.0,0.0,0.0,0.0,0.787971985
NCIH1792_LUNG,0.0,0.0,0.0,0.0,0.0,0.0,0.90390726
NCIH1793_LUNG,0.0,0.0,0.0,0.0,1.0,0.0,0.9736339599999999
NCIH1869_LUNG,0.0,0.0,0.0,0.0,0.0,0.0,0.8194945533333332
NCIH1975_LUNG,0.0,0.0,0.0,0.0,1.0,0.0,0.11956115666666667
NCIH2030_LUNG,0.0,0.0,0.0,0.0,0.0,0.0,0.76873299
NCIH2228_LUNG,0.0,1.0,0.0,0.0,0.0,0.0,0.9232472300000001
NCIH226_LUNG,0.0,0.0,0.0,0.0,1.0,0.0,0.96335735
NCIH23_LUNG,0.0,0.0,0.0,0.0,0.0,0.0,0.9840671599999999
NCIH358_LUNG,0.0,0.0,0.0,0.0,0.0,0.0,0.499615205
NCIH460_LUNG,0.0,0.0,0.0,0.0,0.0,0.0,0.9926412149999999
NCIH520_LUNG,0.0,0.0,0.0,0.0,0.0,0.0,0.8710918833333334
NCIH596_LUNG,0.0,1.0,0.0,0.0,0.0,0.0,0.73431577
NCIH838_LUNG,0.0,0.0,0.0,0.0,0.0,0.0,0.988957245
NIHOVCAR3_OVARY,0.0,0.0,0.0,0.0,0.0,0.0,0.9897817466666666
OAW42_OVARY,0.0,0.0,0.0,0.0,0.0,0.0,0.93603635
OE19_OESOPHAGUS,0.0,0.0,0.0,0.0,0.0,0.0,0.840470905
OSRC2_KIDNEY,0.0,0.0,0.0,0.0,0.0,0.0,0.8697663499999999
OV56_OVARY,0.0,0.0,0.0,0.0,0.0,0.0,0.9877579649999999
OV7_OVARY,0.0,1.0,0.0,0.0,0.0,0.0,0.93767225
OVCAR4_OVARY,0.0,0.0,0.0,0.0,0.0,0.0,0.8278267333333332
OVCAR8_OVARY,0.0,0.0,0.0,0.0,0.0,0.0,0.92104516
OVK18_OVARY,0.0,0.0,0.0,0.0,0.0,0.0,0.96549993
PANC0327_PANCREAS,0.0,0.0,0.0,0.0,0.0,0.0,0.757521005
PANC1005_PANCREAS,0.0,0.0,0.0,0.0,0.0,0.0,0.810425715
PATU8988T_PANCREAS,0.0,0.0,0.0,0.0,0.0,0.0,0.95243719
QGP1_PANCREAS,0.0,0.0,0.0,0.0,0.0,0.0,0.9468655066666667
RL952_ENDOMETRIUM,1.0,0.0,0.0,1.0,1.0,0.0,0.9762787166666667
RMGI_OVARY,0.0,0.0,0.0,0.0,0.0,0.0,0.78263138
RPMI7951_SKIN,1.0,0.0,0.0,0.0,0.0,0.0,0.88234345
RPMI8226_HAEMATOPOIETIC_AND_LYMPHOID_TISSUE,0.0,0.0,1.0,0.0,1.0,0.0,0.8550403400000001
RVH421_SKIN,1.0,0.0,0.0,0.0,0.0,0.0,0.908869735
SKLU1_LUNG,0.0,0.0,0.0,0.0,0.0,0.0,0.88579853
SKMEL24_SKIN,1.0,0.0,0.0,0.0,0.0,0.0,0.986472045
SKMEL2_SKIN,0.0,0.0,1.0,0.0,0.0,0.0,0.9849916333333333
SKMEL5_SKIN,1.0,0.0,0.0,0.0,0.0,0.0,0.9759246766666666
SKNAS_AUTONOMIC_GANGLIA,0.0,1.0,0.0,0.0,0.0,0.0,0.9296003833333334
SKUT1_SOFT_TISSUE,0.0,1.0,0.0,0.0,1.0,0.0,0.9785294449999999
SNU182_LIVER,0.0,0.0,0.0,0.0,0.0,0.0,0.8625683066666667
SNU407_LARGE_INTESTINE,1.0,0.0,0.0,0.0,1.0,0.0,0.731612565
SNU449_LIVER,0.0,0.0,0.0,0.0,0.0,0.0,0.75923757
SUIT2_PANCREAS,0.0,0.0,0.0,0.0,0.0,0.0,0.5603795199999999
SW1783_CENTRAL_NERVOUS_SYSTEM,0.0,1.0,0.0,0.0,0.0,0.0,0.971997835
SW1990_PANCREAS,0.0,0.0,0.0,0.0,0.0,0.0,0.9499210149999999
SW48_LARGE_INTESTINE,0.0,0.0,0.0,0.0,1.0,0.0,0.8810317
SW948_LARGE_INTESTINE,0.0,0.0,0.0,0.0,0.0,0.0,0.763319415
T47D_BREAST,0.0,0.0,0.0,0.0,0.0,1.0,0.7065437
T84_LARGE_INTESTINE,0.0,0.0,0.0,0.0,0.0,0.0,0.906552515
TE1_OESOPHAGUS,1.0,1.0,0.0,0.0,0.0,0.0,0.8949915866666668
THP1_HAEMATOPOIETIC_AND_LYMPHOID_TISSUE,0.0,0.0,0.0,0.0,0.0,1.0,0.12605601
U251MG_CENTRAL_NERVOUS_SYSTEM,0.0,0.0,0.0,0.0,0.0,0.0,0.91855704
UACC812_BREAST,0.0,0.0,0.0,0.0,0.0,0.0,0.967099775
UACC893_BREAST,0.0,0.0,0.0,0.0,0.0,0.0,0.510759185
VMCUB1_URINARY_TRACT,0.0,0.0,0.0,0.0,0.0,0.0,0.955211735
201T_LUNG,0.0,0.0,0.0,0.0,0.0,0.0,0.9738629999999999
42MGBA_CENTRAL_NERVOUS_SYSTEM,0.0,1.0,0.0,0.0,0.0,0.0,0.9747097566666666
639V_URINARY_TRACT,0.0,1.0,0.0,0.0,0.0,0.0,0.9823869433333333
647V_URINARY_TRACT,0.0,1.0,0.0,0.0,0.0,0.0,0.824474035
697_HAEMATOPOIETIC_AND_LYMPHOID_TISSUE,0.0,0.0,0.0,0.0,0.0,0.0,0.3662754566666666
8505C_THYROID,1.0,0.0,0.0,0.0,0.0,0.0,0.93151999
8MGBA_CENTRAL_NERVOUS_SYSTEM,0.0,0.0,0.0,0.0,0.0,0.0,0.839580965
A172_CENTRAL_NERVOUS_SYSTEM,0.0,1.0,0.0,0.0,0.0,0.0,0.9643290200000001
A388_SKIN,0.0,0.0,0.0,0.0,1.0,0.0,0.831273385
A498_KIDNEY,0.0,0.0,0.0,0.0,0.0,0.0,0.97088269
ALLPO_HAEMATOPOIETIC_AND_LYMPHOID_TISSUE,0.0,0.0,0.0,0.0,0.0,0.0,0.46064099999999997
AM38_CENTRAL_NERVOUS_SYSTEM,1.0,0.0,0.0,0.0,0.0,0.0,0.8829759349999999
ARH77_HAEMATOPOIETIC_AND_LYMPHOID_TISSUE,0.0,0.0,0.0,0.0,0.0,0.0,0.79214
ASH3_THYROID,0.0,0.0,0.0,0.0,0.0,0.0,0.986557165
ASPC1_PANCREAS,0.0,0.0,0.0,0.0,0.0,0.0,0.93175156
BB65RCC_KIDNEY,0.0,0.0,0.0,0.0,0.0,0.0,0.942305
BC1_HAEMATOPOIETIC_AND_LYMPHOID_TISSUE,0.0,0.0,0.0,0.0,0.0,0.0,0.7630560000000001
BC3_HAEMATOPOIETIC_AND_LYMPHOID_TISSUE,0.0,1.0,0.0,0.0,1.0,0.0,0.835341
BCPAP_THYROID,1.0,0.0,0.0,0.0,0.0,0.0,0.926047185
BE13_HAEMATOPOIETIC_AND_LYMPHOID_TISSUE,0.0,0.0,0.0,0.0,0.0,0.0,0.726745
BECKER_CENTRAL_NERVOUS_SYSTEM,0.0,0.0,0.0,0.0,0.0,0.0,0.930672555
BEN_LUNG,0.0,0.0,0.0,0.0,0.0,0.0,0.9867633200000001
BFTC905_URINARY_TRACT,0.0,0.0,0.0,0.0,0.0,0.0,0.9672164950000001
BHT101_THYROID,1.0,0.0,0.0,0.0,0.0,0.0,0.98418797
BHY_UPPER_AERODIGESTIVE_TRACT,1.0,0.0,0.0,0.0,0.0,0.0,0.676045835
BICR10_UPPER_AERODIGESTIVE_TRACT,1.0,0.0,0.0,0.0,0.0,0.0,0.961238195
BICR22_UPPER_AERODIGESTIVE_TRACT,0.0,0.0,0.0,0.0,0.0,0.0,0.983970665
BPH1_PROSTATE,0.0,0.0,0.0,0.0,0.0,0.0,0.21014652
BV173_HAEMATOPOIETIC_AND_LYMPHOID_TISSUE,0.0,0.0,0.0,0.0,0.0,0.0,0.7933764050000001
BXPC3_PANCREAS,1.0,0.0,0.0,0.0,0.0,0.0,0.966315345
C32_SKIN,1.0,0.0,0.0,0.0,0.0,0.0,0.9892637150000001
C33A_CERVIX,1.0,1.0,0.0,0.0,1.0,0.0,0.80180235
C3A_LIVER,0.0,0.0,0.0,0.0,0.0,0.0,0.9921477866666667
C4I_CERVIX,0.0,0.0,0.0,0.0,0.0,0.0,0.9704643399999999
CA46_HAEMATOPOIETIC_AND_LYMPHOID_TISSUE,0.0,0.0,0.0,1.0,0.0,0.0,0.7797356400000001
CAL12T_LUNG,1.0,1.0,0.0,0.0,0.0,0.0,0.579522085
CAL148_BREAST,0.0,0.0,0.0,0.0,0.0,0.0,0.98164912
CAL29_URINARY_TRACT,0.0,0.0,0.0,0.0,0.0,0.0,0.8226370199999999
CAL33_UPPER_AERODIGESTIVE_TRACT,0.0,0.0,0.0,0.0,0.0,0.0,0.7110229349999999
CAL62_THYROID,0.0,0.0,0.0,0.0,0.0,0.0,0.97782552
CAL72_BONE,0.0,0.0,0.0,0.0,0.0,0.0,0.98752647
CAL78_BONE,0.0,0.0,0.0,0.0,0.0,0.0,0.99060835
CAOV4_OVARY,0.0,0.0,0.0,0.0,0.0,0.0,0.9719323950000001
CAPAN2_PANCREAS,0.0,0.0,0.0,0.0,0.0,0.0,0.9455638550000001
CASKI_CERVIX,0.0,0.0,0.0,0.0,0.0,0.0,0.7212002799999999
CCRFCEM_HAEMATOPOIETIC_AND_LYMPHOID_TISSUE,0.0,0.0,0.0,0.0,1.0,0.0,0.660288165
CESS_HAEMATOPOIETIC_AND_LYMPHOID_TISSUE,0.0,0.0,0.0,0.0,0.0,0.0,0.6573439999999999
CFPAC1_PANCREAS,0.0,0.0,0.0,0.0,0.0,0.0,0.952644855
CGTHW1_THYROID,0.0,0.0,0.0,0.0,0.0,0.0,0.95265022
CHL1_SKIN,0.0,0.0,0.0,0.0,1.0,0.0,0.5613652833333332
CHP126_AUTONOMIC_GANGLIA,0.0,0.0,0.0,0.0,0.0,0.0,0.96451465
CHP134_AUTONOMIC_GANGLIA,0.0,0.0,0.0,0.0,0.0,0.0,0.9653266250000001
CHSA0011_BONE,0.0,0.0,0.0,0.0,0.0,0.0,0.9470879999999999
CHSA0108_BONE,0.0,0.0,0.0,0.0,0.0,0.0,0.989397
CHSA8926_BONE,0.0,0.0,0.0,0.0,0.0,0.0,0.9744229999999999
COLO205_LARGE_INTESTINE,1.0,0.0,0.0,0.0,0.0,0.0,0.96772196
COLO320_LARGE_INTESTINE,0.0,0.0,0.0,0.0,0.0,0.0,0.987012
COLO678_LARGE_INTESTINE,0.0,0.0,0.0,0.0,0.0,0.0,0.96317925
COLO679_SKIN,1.0,0.0,0.0,0.0,1.0,0.0,0.9441386549999999
COLO680N_OESOPHAGUS,0.0,0.0,0.0,0.0,0.0,0.0,0.93593818
COLO684_ENDOMETRIUM,0.0,1.0,0.0,0.0,0.0,0.0,0.9128874899999999
COLO792_SKIN,0.0,0.0,0.0,0.0,0.0,0.0,0.88443004
COLO800_SKIN,1.0,0.0,0.0,0.0,0.0,0.0,0.96071548
CORL105_LUNG,0.0,0.0,0.0,0.0,0.0,0.0,0.18758412
CORL303_LUNG,0.0,1.0,0.0,0.0,0.0,0.0,0.948566
CP50MELB_SKIN,1.0,0.0,0.0,0.0,0.0,0.0,0.987984
CP66MEL_SKIN,0.0,0.0,0.0,0.0,0.0,0.0,0.9783440000000001
CPCN_LUNG,0.0,1.0,0.0,0.0,0.0,0.0,0.907898755
CS1_BONE,0.0,0.0,0.0,0.0,0.0,0.0,0.776442
CTB1_HAEMATOPOIETIC_AND_LYMPHOID_TISSUE,0.0,0.0,0.0,1.0,0.0,0.0,0.609003
CTV1_HAEMATOPOIETIC_AND_LYMPHOID_TISSUE,0.0,0.0,0.0,0.0,0.0,0.0,0.115552
CW2_LARGE_INTESTINE,0.0,0.0,0.0,0.0,1.0,0.0,0.704096565
DBTRG05MG_CENTRAL_NERVOUS_SYSTEM,1.0,0.0,0.0,0.0,0.0,0.0,0.866519745
DEL_HAEMATOPOIETIC_AND_LYMPHOID_TISSUE,0.0,0.0,0.0,0.0,0.0,0.0,0.8330592933333333
DG75_HAEMATOPOIETIC_AND_LYMPHOID_TISSUE,0.0,0.0,0.0,1.0,0.0,0.0,0.976794
DJM1_SKIN,0.0,0.0,0.0,0.0,0.0,0.0,0.9818040000000001
DKMG_CENTRAL_NERVOUS_SYSTEM,0.0,0.0,0.0,0.0,0.0,0.0,0.67141195
DOTC24510_CERVIX,0.0,0.0,0.0,0.0,0.0,0.0,0.7855574599999999
EB2_HAEMATOPOIETIC_AND_LYMPHOID_TISSUE,0.0,0.0,0.0,1.0,0.0,0.0,0.5771485350000001
EB3_HAEMATOPOIETIC_AND_LYMPHOID_TISSUE,0.0,0.0,0.0,1.0,1.0,0.0,0.8655799999999999
ECC10_STOMACH,0.0,1.0,0.0,0.0,0.0,0.0,0.830303405
ECGI10_OESOPHAGUS,0.0,0.0,0.0,0.0,0.0,0.0,0.99008759
EKVX_LUNG,0.0,0.0,0.0,1.0,0.0,0.0,0.730700385
EM2_HAEMATOPOIETIC_AND_LYMPHOID_TISSUE,0.0,0.0,0.0,0.0,0.0,0.0,0.8396841533333333
EMCBAC1_LUNG,0.0,0.0,0.0,0.0,0.0,0.0,0.561974
EMCBAC2_LUNG,0.0,0.0,0.0,0.0,0.0,0.0,0.7225520000000001
EN_ENDOMETRIUM,1.0,0.0,0.0,0.0,1.0,0.0,0.97525835
EPLC272H_LUNG,0.0,0.0,0.0,0.0,0.0,0.0,0.7274196900000001
ES1_BONE,0.0,0.0,0.0,0.0,0.0,0.0,0.985265
ES3_BONE,0.0,0.0,0.0,0.0,0.0,0.0,0.7209840000000001
ES4_BONE,0.0,0.0,0.0,0.0,0.0,0.0,0.596696
ES5_BONE,0.0,0.0,0.0,0.0,0.0,0.0,0.851826
ES6_BONE,0.0,0.0,0.0,0.0,0.0,0.0,0.942116
ES7_BONE,0.0,0.0,0.0,0.0,0.0,0.0,0.63362
ES8_BONE,0.0,0.0,0.0,0.0,0.0,0.0,0.914858
ETK1_BILIARY_TRACT,0.0,0.0,0.0,0.0,0.0,0.0,0.837542
EVSAT_BREAST,0.0,0.0,0.0,0.0,1.0,0.0,0.9900199599999999
EW11_BONE,0.0,0.0,0.0,0.0,0.0,0.0,0.859093
EW13_BONE,0.0,0.0,0.0,0.0,0.0,0.0,0.7828350000000001
EW16_BONE,0.0,0.0,0.0,0.0,0.0,0.0,0.872453
EW18_BONE,0.0,0.0,0.0,0.0,0.0,0.0,0.8297629999999999
EW1_BONE,0.0,0.0,0.0,0.0,0.0,0.0,0.755212
EW24_BONE,0.0,0.0,0.0,0.0,0.0,0.0,0.533706
EW3_BONE,0.0,0.0,0.0,0.0,0.0,0.0,0.890548
EW7_BONE,0.0,0.0,0.0,0.0,0.0,0.0,0.8940030000000001
FARAGE_HAEMATOPOIETIC_AND_LYMPHOID_TISSUE,0.0,0.0,0.0,0.0,0.0,0.0,0.7634515749999999
FTC133_THYROID,0.0,1.0,0.0,0.0,1.0,0.0,0.98927537
G292CLONEA141B1_BONE,0.0,0.0,0.0,0.0,0.0,0.0,0.948011755
GAK_SKIN,0.0,0.0,0.0,0.0,0.0,0.0,0.994025
GCT_SOFT_TISSUE,1.0,0.0,0.0,0.0,0.0,0.0,0.9925375366666668
GMEL_SKIN,1.0,0.0,0.0,1.0,0.0,0.0,0.8786
GMS10_CENTRAL_NERVOUS_SYSTEM,0.0,1.0,0.0,0.0,0.0,0.0,0.99080604
GOTO_AUTONOMIC_GANGLIA,0.0,0.0,0.0,0.0,0.0,0.0,0.958326395
GP5D_LARGE_INTESTINE,1.0,0.0,0.0,0.0,0.0,0.0,0.8190774949999999
GRST_HAEMATOPOIETIC_AND_LYMPHOID_TISSUE,1.0,1.0,0.0,1.0,1.0,0.0,0.869648
H9_HAEMATOPOIETIC_AND_LYMPHOID_TISSUE,0.0,0.0,0.0,0.0,0.0,0.0,0.944989
HA7RCC_KIDNEY,0.0,0.0,0.0,0.0,0.0,0.0,0.9204709999999999
HAL01_HAEMATOPOIETIC_AND_LYMPHOID_TISSUE,0.0,0.0,0.0,0.0,0.0,0.0,0.50354
HC1_HAEMATOPOIETIC_AND_LYMPHOID_TISSUE,0.0,0.0,0.0,0.0,0.0,0.0,0.589133
HCC1806_BREAST,0.0,0.0,0.0,0.0,0.0,0.0,0.830447225
HCC2998_LARGE_INTESTINE,0.0,1.0,0.0,0.0,0.0,0.0,0.80896905
HCC56_LARGE_INTESTINE,0.0,0.0,0.0,0.0,0.0,0.0,0.8175896233333333
HDLM2_HAEMATOPOIETIC_AND_LYMPHOID_TISSUE,0.0,0.0,0.0,0.0,0.0,0.0,0.98961355
HDMYZ_HAEMATOPOIETIC_AND_LYMPHOID_TISSUE,0.0,0.0,0.0,0.0,0.0,0.0,0.769437355
HEC1_ENDOMETRIUM,0.0,0.0,0.0,0.0,0.0,0.0,0.983797255
HELA_CERVIX,0.0,0.0,0.0,0.0,1.0,0.0,0.9787732950000001
HEY_OVARY,1.0,0.0,0.0,0.0,0.0,0.0,0.9045569999999999
HH_HAEMATOPOIETIC_AND_LYMPHOID_TISSUE,0.0,0.0,0.0,0.0,0.0,0.0,0.82836354
HL60_HAEMATOPOIETIC_AND_LYMPHOID_TISSUE,0.0,0.0,0.0,0.0,0.0,0.0,0.844007065
HLE_LIVER,0.0,0.0,0.0,0.0,0.0,0.0,0.9208757599999999
HN_UPPER_AERODIGESTIVE_TRACT,0.0,0.0,0.0,0.0,0.0,0.0,0.9795602649999999
HOP62_LUNG,0.0,0.0,0.0,0.0,0.0,0.0,0.909203575
HOP92_LUNG,0.0,0.0,0.0,0.0,0.0,0.0,0.984826585
HOS_BONE,0.0,0.0,0.0,0.0,0.0,0.0,0.98996659
HPAFII_PANCREAS,0.0,0.0,0.0,0.0,0.0,0.0,0.762583725
HS445_HAEMATOPOIETIC_AND_LYMPHOID_TISSUE,0.0,0.0,0.0,0.0,1.0,0.0,0.712198
HS683_CENTRAL_NERVOUS_SYSTEM,0.0,0.0,0.0,0.0,1.0,0.0,0.97121185
HSC2_UPPER_AERODIGESTIVE_TRACT,0.0,0.0,0.0,0.0,0.0,0.0,0.9518407
HSC39_STOMACH,0.0,0.0,0.0,0.0,0.0,0.0,0.92461
HT1080_SOFT_TISSUE,0.0,0.0,0.0,0.0,0.0,0.0,0.9899688449999999
HT1197_URINARY_TRACT,0.0,0.0,0.0,0.0,0.0,0.0,0.9626064966666666
HT3_CERVIX,0.0,1.0,0.0,0.0,0.0,0.0,0.9306666349999999
HTCC3_THYROID,1.0,0.0,0.0,0.0,0.0,0.0,0.74123363
HUCCT1_BILIARY_TRACT,0.0,1.0,0.0,0.0,0.0,0.0,0.8657227433333333
HUH7_LIVER,0.0,0.0,0.0,0.0,0.0,0.0,0.989836285
HUO3N1_BONE,0.0,0.0,0.0,0.0,0.0,0.0,0.989505
HUO9_BONE,0.0,1.0,0.0,0.0,1.0,0.0,0.932229145
HUPT3_PANCREAS,0.0,0.0,0.0,0.0,0.0,0.0,0.8387500933333333
HUPT4_PANCREAS,0.0,0.0,0.0,0.0,0.0,0.0,0.75853009
IALM_LUNG,0.0,0.0,0.0,0.0,0.0,0.0,0.959041685
IGR1_SKIN,1.0,0.0,0.0,0.0,0.0,0.0,0.95739284
IHH4_THYROID,1.0,0.0,0.0,0.0,0.0,0.0,0.97065249
IPC298_SKIN,0.0,0.0,0.0,0.0,0.0,0.0,0.9108905899999999
ISTMEL1_SKIN,1.0,0.0,0.0,0.0,0.0,0.0,0.883813
ISTMES1_PLEURA,0.0,0.0,1.0,0.0,0.0,0.0,0.969666595
ISTSL1_LUNG,0.0,1.0,0.0,0.0,0.0,0.0,0.875975
ISTSL2_LUNG,1.0,1.0,0.0,0.0,0.0,0.0,0.78947
J82_URINARY_TRACT,0.0,1.0,0.0,0.0,0.0,0.0,0.95723336
JEG3_PLACENTA,0.0,0.0,0.0,0.0,0.0,0.0,0.993489345
JHH6_LIVER,0.0,0.0,0.0,0.0,0.0,0.0,0.98573439
JHOS3_OVARY,0.0,0.0,0.0,0.0,0.0,0.0,0.9264450000000001
JIYOYEP2003_HAEMATOPOIETIC_AND_LYMPHOID_TISSUE,0.0,0.0,0.0,1.0,0.0,0.0,0.995461
JSC1_HAEMATOPOIETIC_AND_LYMPHOID_TISSUE,0.0,0.0,0.0,0.0,0.0,0.0,0.7747109999999999
JVM2_HAEMATOPOIETIC_AND_LYMPHOID_TISSUE,0.0,0.0,0.0,0.0,0.0,0.0,0.9473809200000001
JVM3_HAEMATOPOIETIC_AND_LYMPHOID_TISSUE,1.0,0.0,0.0,0.0,0.0,0.0,0.977647115
K2_SKIN,1.0,0.0,0.0,0.0,0.0,0.0,0.978524
K5_THYROID,1.0,0.0,0.0,0.0,0.0,0.0,0.9920260000000001
KARPAS231_HAEMATOPOIETIC_AND_LYMPHOID_TISSUE,0.0,1.0,0.0,1.0,0.0,0.0,0.608885
KARPAS422_HAEMATOPOIETIC_AND_LYMPHOID_TISSUE,0.0,0.0,0.0,0.0,0.0,0.0,0.8912968800000001
KARPAS45_HAEMATOPOIETIC_AND_LYMPHOID_TISSUE,0.0,0.0,0.0,1.0,1.0,0.0,0.211281
KASUMI1_HAEMATOPOIETIC_AND_LYMPHOID_TISSUE,0.0,0.0,0.0,0.0,0.0,0.0,0.681466625
KE37_HAEMATOPOIETIC_AND_LYMPHOID_TISSUE,0.0,0.0,0.0,0.0,0.0,0.0,0.06520979500000001
KELLY_AUTONOMIC_GANGLIA,0.0,0.0,0.0,0.0,0.0,0.0,0.988551195
KG1_HAEMATOPOIETIC_AND_LYMPHOID_TISSUE,0.0,0.0,0.0,0.0,0.0,0.0,0.6611729550000001
KGN_OVARY,0.0,0.0,0.0,0.0,0.0,0.0,0.8367709999999999
KMH2_HAEMATOPOIETIC_AND_LYMPHOID_TISSUE,0.0,0.0,0.0,0.0,1.0,0.0,0.95593254
KMOE2_HAEMATOPOIETIC_AND_LYMPHOID_TISSUE,1.0,0.0,0.0,0.0,0.0,0.0,0.8635430000000001
KMRC1_KIDNEY,0.0,0.0,0.0,0.0,0.0,0.0,0.9822422099999999
KMRC20_KIDNEY,0.0,0.0,0.0,0.0,0.0,0.0,0.98202708
KNS42_CENTRAL_NERVOUS_SYSTEM,0.0,0.0,0.0,0.0,0.0,0.0,0.985332665
KON_UPPER_AERODIGESTIVE_TRACT,0.0,0.0,0.0,0.0,0.0,0.0,0.98583601
KP3_PANCREAS,0.0,0.0,0.0,0.0,0.0,0.0,0.77401528
KP4_PANCREAS,0.0,0.0,0.0,0.0,0.0,0.0,0.94176985
KPNYN_AUTONOMIC_GANGLIA,0.0,0.0,0.0,0.0,0.0,0.0,0.989145255
KS1_CENTRAL_NERVOUS_SYSTEM,0.0,0.0,0.0,0.0,0.0,0.0,0.811462405
KU812_HAEMATOPOIETIC_AND_LYMPHOID_TISSUE,0.0,0.0,0.0,0.0,0.0,0.0,0.8944508533333333
KURAMOCHI_OVARY,0.0,0.0,0.0,0.0,0.0,0.0,0.9256603633333333
KY821_HAEMATOPOIETIC_AND_LYMPHOID_TISSUE,0.0,0.0,0.0,0.0,0.0,0.0,0.925334
KYAE1_OESOPHAGUS,0.0,0.0,0.0,0.0,1.0,0.0,0.217745565
KYSE150_OESOPHAGUS,0.0,0.0,0.0,0.0,0.0,0.0,0.9142061450000001
KYSE270_OESOPHAGUS,0.0,0.0,0.0,0.0,1.0,0.0,0.8708903649999999
KYSE510_OESOPHAGUS,0.0,0.0,0.0,0.0,1.0,0.0,0.9609754133333333
L363_HAEMATOPOIETIC_AND_LYMPHOID_TISSUE,0.0,0.0,0.0,0.0,0.0,0.0,0.9536798933333334
L428_HAEMATOPOIETIC_AND_LYMPHOID_TISSUE,0.0,0.0,0.0,0.0,0.0,0.0,0.9547293050000001
L540_HAEMATOPOIETIC_AND_LYMPHOID_TISSUE,0.0,0.0,0.0,0.0,1.0,0.0,0.88250071
LAN6_AUTONOMIC_GANGLIA,0.0,0.0,0.0,0.0,0.0,0.0,0.9863616
LB1047RCC_KIDNEY,0.0,0.0,0.0,0.0,0.0,0.0,0.776099
LB2241RCC_KIDNEY,0.0,0.0,0.0,0.0,0.0,0.0,0.989662
LB2518MEL_SKIN,0.0,0.0,0.0,0.0,0.0,0.0,0.992424
LB373MELD_SKIN,0.0,0.0,0.0,0.0,0.0,0.0,0.991207
LB996RCC_KIDNEY,0.0,0.0,0.0,0.0,0.0,0.0,0.9635299999999999
LC1SQSF_LUNG,0.0,0.0,0.0,0.0,0.0,0.0,0.839884
LC2AD_LUNG,0.0,0.0,0.0,0.0,0.0,0.0,0.834549
LC41_HAEMATOPOIETIC_AND_LYMPHOID_TISSUE,0.0,0.0,0.0,0.0,0.0,0.0,0.777938
LCLC103H_LUNG,0.0,0.0,1.0,0.0,0.0,0.0,0.9439157499999999
LCLC97TM1_LUNG,0.0,0.0,0.0,0.0,0.0,0.0,0.8174855249999999
LOUCY_HAEMATOPOIETIC_AND_LYMPHOID_TISSUE,0.0,0.0,0.0,0.0,0.0,1.0,0.19110777
LOUNH91_LUNG,0.0,0.0,0.0,0.0,1.0,0.0,0.96558903
LS1034_LARGE_INTESTINE,0.0,0.0,0.0,0.0,0.0,0.0,0.938146965
LS123_LARGE_INTESTINE,0.0,0.0,0.0,0.0,0.0,0.0,0.7784327449999999
LU135_LUNG,0.0,0.0,0.0,0.0,0.0,0.0,0.91271749
LU65_LUNG,0.0,1.0,0.0,0.0,0.0,0.0,0.879544935
LXF289_LUNG,0.0,0.0,0.0,0.0,0.0,0.0,0.9592314550000001
M059J_CENTRAL_NERVOUS_SYSTEM,0.0,0.0,0.0,0.0,0.0,0.0,0.98422705
M14_SKIN,1.0,0.0,0.0,0.0,0.0,0.0,0.992561
MC116_HAEMATOPOIETIC_AND_LYMPHOID_TISSUE,0.0,0.0,0.0,0.0,0.0,0.0,0.98898794
MCCAR_HAEMATOPOIETIC_AND_LYMPHOID_TISSUE,0.0,0.0,0.0,0.0,0.0,0.0,0.65033
MDAMB330_BREAST,0.0,0.0,0.0,0.0,0.0,0.0,0.97206039
MDAMB468_BREAST,0.0,0.0,0.0,0.0,0.0,0.0,0.6723925399999999
MDST8_LARGE_INTESTINE,1.0,0.0,0.0,0.0,0.0,0.0,0.97390928
ME180_CERVIX,0.0,0.0,0.0,0.0,0.0,0.0,0.65423429
MEG01_HAEMATOPOIETIC_AND_LYMPHOID_TISSUE,0.0,0.0,0.0,0.0,1.0,0.0,0.593055475
MELJUSO_SKIN,0.0,0.0,0.0,0.0,0.0,0.0,0.896671705
MESSA_SOFT_TISSUE,0.0,0.0,0.0,0.0,0.0,0.0,0.9624820999999999
MEWO_SKIN,0.0,0.0,0.0,0.0,0.0,0.0,0.97346187
MFHINO_SOFT_TISSUE,0.0,0.0,0.0,0.0,0.0,0.0,0.975656
MG63_BONE,0.0,0.0,0.0,0.0,0.0,0.0,0.98738063
MHHES1_BONE,0.0,0.0,0.0,0.0,0.0,0.0,0.91949691
MHHNB11_AUTONOMIC_GANGLIA,0.0,0.0,0.0,0.0,0.0,0.0,0.9183459350000001
MHHPREB1_HAEMATOPOIETIC_AND_LYMPHOID_TISSUE,0.0,0.0,0.0,1.0,0.0,0.0,0.9923569999999999
MKN28_STOMACH,0.0,0.0,0.0,0.0,0.0,0.0,0.924638
ML1_THYROID,0.0,0.0,0.0,0.0,0.0,0.0,0.8442739349999999
ML2_HAEMATOPOIETIC_AND_LYMPHOID_TISSUE,0.0,0.0,0.0,0.0,0.0,0.0,0.888774
MLMA_HAEMATOPOIETIC_AND_LYMPHOID_TISSUE,0.0,0.0,0.0,0.0,0.0,0.0,0.7580939999999999
MMACSF_SKIN,1.0,0.0,0.0,0.0,0.0,0.0,0.976607
MN60_HAEMATOPOIETIC_AND_LYMPHOID_TISSUE,0.0,0.0,0.0,1.0,0.0,0.0,0.9478340000000001
MOGGCCM_CENTRAL_NERVOUS_SYSTEM,0.0,1.0,0.0,0.0,0.0,0.0,0.83748061
MOGGUVW_CENTRAL_NERVOUS_SYSTEM,0.0,0.0,0.0,1.0,0.0,0.0,0.97281402
MOLT13_HAEMATOPOIETIC_AND_LYMPHOID_TISSUE,0.0,0.0,0.0,0.0,0.0,0.0,0.620390515
MOLT4_HAEMATOPOIETIC_AND_LYMPHOID_TISSUE,0.0,0.0,0.0,0.0,1.0,0.0,0.31460981
MONOMAC6_HAEMATOPOIETIC_AND_LYMPHOID_TISSUE,0.0,0.0,0.0,0.0,0.0,0.0,0.818821125
MPP89_PLEURA,0.0,1.0,0.0,0.0,0.0,0.0,0.972497175
MRKNU1_BREAST,0.0,0.0,0.0,0.0,0.0,1.0,0.995315
MS751_CERVIX,0.0,0.0,0.0,0.0,0.0,0.0,0.9701069149999999
MYM12_HAEMATOPOIETIC_AND_LYMPHOID_TISSUE,0.0,0.0,0.0,0.0,0.0,0.0,0.983402
MZ1PC_PANCREAS,0.0,0.0,0.0,0.0,0.0,0.0,0.620197
MZ2MEL_SKIN,0.0,0.0,0.0,0.0,1.0,0.0,0.886214
MZ7MEL_SKIN,1.0,0.0,0.0,0.0,0.0,0.0,0.9564870000000001
NALM6_HAEMATOPOIETIC_AND_LYMPHOID_TISSUE,0.0,0.0,0.0,0.0,1.0,0.0,0.484666685
NCC021_KIDNEY,0.0,0.0,0.0,0.0,0.0,0.0,0.853092
NCIH1155_LUNG,0.0,1.0,0.0,0.0,0.0,0.0,0.98318145
NCIH1304_LUNG,0.0,1.0,0.0,0.0,0.0,0.0,0.9921190000000001
NCIH1417_LUNG,0.0,1.0,0.0,0.0,0.0,0.0,0.8965552400000001
NCIH1563_LUNG,0.0,0.0,0.0,0.0,0.0,0.0,0.8088646100000001
NCIH1568_LUNG,0.0,0.0,0.0,0.0,1.0,0.0,0.8332376800000001
NCIH1573_LUNG,0.0,0.0,0.0,0.0,0.0,0.0,0.9861141
NCIH1581_LUNG,0.0,0.0,0.0,0.0,0.0,0.0,0.98865638
NCIH1623_LUNG,0.0,0.0,0.0,0.0,0.0,0.0,0.9584170299999999
NCIH1648_LUNG,0.0,0.0,0.0,0.0,0.0,0.0,0.5941836533333333
NCIH1688_LUNG,0.0,0.0,0.0,0.0,0.0,0.0,0.9792059999999999
NCIH1734_LUNG,0.0,1.0,0.0,0.0,0.0,0.0,0.7903726799999999
NCIH1755_LUNG,1.0,0.0,0.0,0.0,0.0,1.0,0.562471615
NCIH1770_LUNG,0.0,1.0,0.0,0.0,0.0,0.0,0.994613215
NCIH1781_LUNG,0.0,0.0,0.0,0.0,0.0,1.0,0.450718585
NCIH1838_LUNG,0.0,0.0,0.0,0.0,0.0,0.0,0.9814147599999999
NCIH187_LUNG,0.0,0.0,0.0,0.0,0.0,0.0,0.9878692099999999
NCIH1993_LUNG,0.0,0.0,0.0,0.0,1.0,0.0,0.8512169
NCIH2009_LUNG,0.0,0.0,0.0,0.0,0.0,0.0,0.9810895133333334
NCIH2023_LUNG,0.0,0.0,0.0,0.0,0.0,0.0,0.9847490633333332
NCIH2085_LUNG,0.0,0.0,0.0,0.0,0.0,0.0,0.8472254600000001
NCIH2087_LUNG,1.0,1.0,0.0,1.0,0.0,0.0,0.6643836750000001
NCIH2110_LUNG,0.0,1.0,0.0,0.0,0.0,0.0,0.88819222
NCIH2135_LUNG,0.0,0.0,0.0,0.0,0.0,0.0,0.9416670199999999
NCIH2141_LUNG,0.0,1.0,0.0,0.0,0.0,0.0,0.9925329249999999
NCIH2291_LUNG,0.0,0.0,0.0,0.0,1.0,0.0,0.981065015
NCIH2342_LUNG,0.0,0.0,0.0,0.0,0.0,0.0,0.97273283
NCIH2347_LUNG,0.0,0.0,0.0,0.0,0.0,0.0,0.944383105
NCIH2405_LUNG,1.0,0.0,0.0,0.0,0.0,0.0,0.91707016
NCIH2444_LUNG,0.0,0.0,0.0,0.0,0.0,0.0,0.991103265
NCIH2452_PLEURA,0.0,0.0,0.0,0.0,0.0,0.0,0.987676035
NCIH28_PLEURA,0.0,0.0,0.0,0.0,0.0,0.0,0.9648869700000001
NCIH322_LUNG,0.0,0.0,0.0,0.0,0.0,0.0,0.89208
NCIH345_LUNG,0.0,0.0,0.0,0.0,0.0,0.0,0.993172505
NCIH441_LUNG,0.0,0.0,0.0,0.0,0.0,0.0,0.9663981800000001
NCIH630_LARGE_INTESTINE,0.0,0.0,0.0,0.0,0.0,0.0,0.786291
NCIH64_LUNG,0.0,1.0,0.0,0.0,0.0,1.0,0.97531744
NCIH647_LUNG,0.0,0.0,0.0,0.0,0.0,0.0,0.772645175
NCIH716_LARGE_INTESTINE,0.0,0.0,0.0,0.0,0.0,0.0,0.780355935
NCIH720_LUNG,0.0,1.0,0.0,0.0,0.0,0.0,0.997029
NCIH727_LUNG,0.0,0.0,0.0,0.0,0.0,0.0,0.7707410933333333
NCIH748_LUNG,0.0,1.0,0.0,0.0,0.0,0.0,0.9660489999999999
NCIH810_LUNG,0.0,0.0,0.0,0.0,0.0,0.0,0.95751842
NCIH847_LUNG,0.0,1.0,0.0,0.0,0.0,0.0,0.720847105
NEC8_TESTIS,0.0,0.0,0.0,0.0,0.0,0.0,0.9931540000000001
NH12_AUTONOMIC_GANGLIA,0.0,0.0,0.0,0.0,0.0,0.0,0.940718685
NKM1_HAEMATOPOIETIC_AND_LYMPHOID_TISSUE,0.0,0.0,0.0,0.0,0.0,0.0,0.700186
NMCG1_CENTRAL_NERVOUS_SYSTEM,1.0,0.0,0.0,0.0,0.0,0.0,0.855480765
NO10_CENTRAL_NERVOUS_SYSTEM,0.0,1.0,0.0,0.0,0.0,0.0,0.9500519299999999
NO11_CENTRAL_NERVOUS_SYSTEM,0.0,1.0,0.0,0.0,0.0,0.0,0.883095905
NOMO1_HAEMATOPOIETIC_AND_LYMPHOID_TISSUE,0.0,0.0,0.0,0.0,1.0,0.0,0.78446197
NTERA2CLD1_TESTIS,0.0,0.0,0.0,0.0,1.0,0.0,0.9466540000000001
NUDUL1_HAEMATOPOIETIC_AND_LYMPHOID_TISSUE,0.0,0.0,0.0,1.0,0.0,0.0,0.8029947
NY_BONE,0.0,0.0,0.0,0.0,0.0,0.0,0.985728
OAW28_OVARY,0.0,0.0,0.0,0.0,0.0,0.0,0.86464422
OC314_OVARY,1.0,0.0,0.0,0.0,0.0,0.0,0.8833618099999999
OCIAML2_HAEMATOPOIETIC_AND_LYMPHOID_TISSUE,0.0,0.0,0.0,0.0,0.0,0.0,0.9870987950000001
OCIAML3_HAEMATOPOIETIC_AND_LYMPHOID_TISSUE,0.0,0.0,0.0,0.0,0.0,0.0,0.745181585
OCUBM_BREAST,0.0,0.0,0.0,0.0,0.0,0.0,0.352302
OE21_OESOPHAGUS,0.0,0.0,0.0,0.0,0.0,0.0,0.96318017
OE33_OESOPHAGUS,0.0,0.0,0.0,0.0,0.0,0.0,0.9673768733333333
OMC1_CERVIX,0.0,0.0,0.0,0.0,0.0,0.0,0.8531639999999999
OSC19_UPPER_AERODIGESTIVE_TRACT,0.0,0.0,0.0,0.0,0.0,0.0,0.868424525
OSC20_UPPER_AERODIGESTIVE_TRACT,0.0,0.0,0.0,0.0,0.0,0.0,0.8634198000000001
OV17R_OVARY,0.0,0.0,0.0,0.0,0.0,0.0,0.934672075
OVCA420_OVARY,0.0,0.0,0.0,0.0,0.0,0.0,0.963844
OVCA433_OVARY,0.0,0.0,0.0,0.0,0.0,0.0,0.974196
OVCAR5_OVARY,0.0,0.0,0.0,0.0,0.0,0.0,0.8704474849999999
OVISE_OVARY,0.0,0.0,0.0,0.0,0.0,0.0,0.6350681499999999
OVKATE_OVARY,0.0,0.0,0.0,0.0,0.0,0.0,0.95178116
OVMIU_OVARY,0.0,1.0,0.0,0.0,0.0,0.0,0.383791
P12ICHIKAWA_HAEMATOPOIETIC_AND_LYMPHOID_TISSUE,1.0,0.0,0.0,0.0,0.0,0.0,0.44924891333333333
P31FUJ_HAEMATOPOIETIC_AND_LYMPHOID_TISSUE,0.0,1.0,0.0,0.0,0.0,0.0,0.971325475
P32ISH_HAEMATOPOIETIC_AND_LYMPHOID_TISSUE,0.0,0.0,0.0,1.0,0.0,0.0,0.808841
PA1_OVARY,0.0,0.0,0.0,0.0,0.0,0.0,0.63685496
PANC0813_PANCREAS,0.0,0.0,0.0,0.0,0.0,0.0,0.797828245
PECAPJ15_UPPER_AERODIGESTIVE_TRACT,0.0,0.0,0.0,0.0,0.0,0.0,0.8386148449999999
PEO1_OVARY,0.0,0.0,0.0,0.0,0.0,0.0,0.985668685
PFSK1_CENTRAL_NERVOUS_SYSTEM,0.0,0.0,0.0,0.0,0.0,0.0,0.928040995
PL18_PANCREAS,0.0,1.0,0.0,0.0,0.0,0.0,0.986201
PSN1_PANCREAS,0.0,0.0,0.0,0.0,0.0,0.0,0.92031902
QIMRWIL_HAEMATOPOIETIC_AND_LYMPHOID_TISSUE,0.0,0.0,0.0,0.0,0.0,0.0,0.672281
RAJI_HAEMATOPOIETIC_AND_LYMPHOID_TISSUE,0.0,0.0,0.0,1.0,0.0,0.0,0.9921805933333333
RAMOS2G64C10_HAEMATOPOIETIC_AND_LYMPHOID_TISSUE,0.0,0.0,0.0,0.0,0.0,0.0,0.931522
RCC10RGB_KIDNEY,0.0,0.0,0.0,0.0,0.0,0.0,0.888718235
RCCAB_KIDNEY,0.0,0.0,0.0,0.0,0.0,0.0,0.594793
RCCER_KIDNEY,0.0,0.0,0.0,0.0,0.0,0.0,0.929257
RCCFG2_KIDNEY,0.0,0.0,0.0,0.0,0.0,0.0,0.8671110000000001
RCCJF_KIDNEY,0.0,0.0,0.0,0.0,0.0,0.0,0.522925
RCCJW_KIDNEY,0.0,0.0,0.0,0.0,0.0,0.0,0.73148
RCCMF_KIDNEY,0.0,0.0,0.0,0.0,0.0,0.0,0.77575
RCK8_HAEMATOPOIETIC_AND_LYMPHOID_TISSUE,0.0,0.0,0.0,0.0,0.0,0.0,0.995486995
RCM1_LARGE_INTESTINE,0.0,0.0,0.0,0.0,0.0,0.0,0.9516810450000001
RD_SOFT_TISSUE,0.0,0.0,0.0,0.0,0.0,0.0,0.9717534899999999
REH_HAEMATOPOIETIC_AND_LYMPHOID_TISSUE,0.0,0.0,0.0,0.0,0.0,0.0,0.673274
RERFLCKJ_LUNG,0.0,0.0,0.0,0.0,0.0,0.0,0.9563639500000001
RERFLCSQ1_LUNG,0.0,0.0,0.0,0.0,0.0,0.0,0.92262803
RL_HAEMATOPOIETIC_AND_LYMPHOID_TISSUE,0.0,0.0,0.0,0.0,0.0,0.0,0.931473245
RO82W1_THYROID,0.0,0.0,0.0,0.0,0.0,0.0,0.98535798
ROS50_HAEMATOPOIETIC_AND_LYMPHOID_TISSUE,0.0,0.0,0.0,1.0,0.0,0.0,0.9496812050000001
RPMI6666_HAEMATOPOIETIC_AND_LYMPHOID_TISSUE,0.0,0.0,0.0,0.0,0.0,0.0,0.69423797
RPMI8866_HAEMATOPOIETIC_AND_LYMPHOID_TISSUE,0.0,0.0,0.0,0.0,0.0,0.0,0.992692
RS411_HAEMATOPOIETIC_AND_LYMPHOID_TISSUE,0.0,0.0,0.0,0.0,1.0,0.0,0.6224916549999999
RT4_URINARY_TRACT,0.0,0.0,0.0,0.0,0.0,0.0,0.95823702
RXF393_KIDNEY,0.0,0.0,0.0,0.0,0.0,0.0,0.889395
SAT_UPPER_AERODIGESTIVE_TRACT,0.0,0.0,0.0,0.0,1.0,0.0,0.75154897
SBC1_LUNG,0.0,1.0,0.0,0.0,0.0,0.0,0.99424
SBC3_LUNG,0.0,0.0,0.0,0.0,0.0,0.0,0.863087
SCC15_UPPER_AERODIGESTIVE_TRACT,0.0,0.0,0.0,0.0,0.0,0.0,0.725902645
SCC3_HAEMATOPOIETIC_AND_LYMPHOID_TISSUE,0.0,0.0,0.0,0.0,0.0,0.0,0.90024329
SCC9_UPPER_AERODIGESTIVE_TRACT,0.0,0.0,0.0,0.0,0.0,0.0,0.41828873499999997
SCH_STOMACH,0.0,0.0,0.0,0.0,0.0,0.0,0.991297
SF126_CENTRAL_NERVOUS_SYSTEM,0.0,0.0,0.0,0.0,0.0,0.0,0.96683741
SF268_CENTRAL_NERVOUS_SYSTEM,0.0,0.0,0.0,0.0,1.0,0.0,0.9486011249999999
SF539_CENTRAL_NERVOUS_SYSTEM,0.0,1.0,0.0,0.0,0.0,0.0,0.922665005
SH4_SKIN,1.0,0.0,0.0,0.0,0.0,0.0,0.9224640449999999
SISO_CERVIX,0.0,1.0,0.0,0.0,0.0,0.0,0.9379861549999999
SJRH30_SOFT_TISSUE,0.0,0.0,0.0,0.0,0.0,0.0,0.9431953200000001
SJSA1_BONE,0.0,0.0,0.0,0.0,0.0,0.0,0.9417009333333333
SKMEL1_SKIN,1.0,0.0,0.0,0.0,0.0,0.0,0.982946635
SKMEL28_SKIN,1.0,0.0,0.0,0.0,1.0,0.0,0.9889766550000001
SKMEL3_SKIN,1.0,0.0,0.0,0.0,0.0,0.0,0.927041005
SKMM2_HAEMATOPOIETIC_AND_LYMPHOID_TISSUE,0.0,0.0,0.0,0.0,0.0,0.0,0.990059245
SKNDZ_AUTONOMIC_GANGLIA,0.0,1.0,0.0,0.0,0.0,0.0,0.9870714266666667
SKNFI_AUTONOMIC_GANGLIA,0.0,0.0,0.0,0.0,0.0,0.0,0.9620874733333333
SKNSH_AUTONOMIC_GANGLIA,0.0,0.0,0.0,0.0,0.0,0.0,0.9858964766666668
SN12C_KIDNEY,0.0,0.0,0.0,0.0,0.0,0.0,0.959685
SNB75_CENTRAL_NERVOUS_SYSTEM,0.0,1.0,0.0,0.0,0.0,0.0,0.9644074899999999
SNU1040_LARGE_INTESTINE,1.0,1.0,0.0,0.0,0.0,0.0,0.639876965
SNU398_LIVER,0.0,0.0,0.0,0.0,0.0,0.0,0.969069915
SNU5_STOMACH,0.0,0.0,0.0,0.0,0.0,0.0,0.991592925
SNU81_LARGE_INTESTINE,0.0,0.0,0.0,0.0,1.0,0.0,0.877308805
SNUC1_LARGE_INTESTINE,0.0,0.0,0.0,0.0,0.0,0.0,0.944254015
SNUC2B_LARGE_INTESTINE,0.0,0.0,0.0,0.0,1.0,0.0,0.612718705
SNUC5_LARGE_INTESTINE,1.0,0.0,0.0,1.0,0.0,0.0,0.977624795
ST486_HAEMATOPOIETIC_AND_LYMPHOID_TISSUE,0.0,0.0,0.0,1.0,0.0,0.0,0.8245754650000001
SU8686_PANCREAS,0.0,0.0,0.0,0.0,0.0,0.0,0.9602089899999999
SUDHL16_HAEMATOPOIETIC_AND_LYMPHOID_TISSUE,0.0,0.0,0.0,0.0,0.0,0.0,0.48459399999999997
SUDHL1_HAEMATOPOIETIC_AND_LYMPHOID_TISSUE,0.0,0.0,0.0,0.0,0.0,0.0,0.845224365
SUPB15_HAEMATOPOIETIC_AND_LYMPHOID_TISSUE,0.0,0.0,0.0,0.0,0.0,0.0,0.835633525
SUPT1_HAEMATOPOIETIC_AND_LYMPHOID_TISSUE,0.0,0.0,0.0,0.0,1.0,0.0,0.67566782
SW1088_CENTRAL_NERVOUS_SYSTEM,0.0,0.0,0.0,0.0,0.0,0.0,0.95541766
SW1116_LARGE_INTESTINE,0.0,0.0,0.0,0.0,0.0,0.0,0.9891393749999999
SW1417_LARGE_INTESTINE,1.0,0.0,0.0,0.0,0.0,0.0,0.970755285
SW1463_LARGE_INTESTINE,0.0,0.0,0.0,0.0,0.0,0.0,0.56662815
SW1710_URINARY_TRACT,0.0,0.0,0.0,0.0,0.0,0.0,0.88032884
SW620_LARGE_INTESTINE,0.0,0.0,0.0,0.0,0.0,0.0,0.28341779999999994
SW684_SOFT_TISSUE,0.0,0.0,0.0,0.0,0.0,0.0,0.9886159999999999
SW756_CERVIX,0.0,0.0,0.0,0.0,0.0,0.0,0.9666628
SW780_URINARY_TRACT,0.0,0.0,0.0,0.0,0.0,0.0,0.9888495800000001
SW837_LARGE_INTESTINE,0.0,0.0,0.0,1.0,0.0,0.0,0.8723689800000001
SW872_SOFT_TISSUE,1.0,0.0,0.0,0.0,0.0,0.0,0.9827100000000001
SW962_VULVA,0.0,0.0,0.0,0.0,0.0,0.0,0.963275
T98G_CENTRAL_NERVOUS_SYSTEM,0.0,0.0,0.0,0.0,0.0,0.0,0.97117852
TALL1_HAEMATOPOIETIC_AND_LYMPHOID_TISSUE,0.0,0.0,0.0,0.0,0.0,0.0,0.98241443
TCCSUP_URINARY_TRACT,0.0,0.0,0.0,0.0,0.0,0.0,0.98109692
TE10_OESOPHAGUS,0.0,0.0,0.0,0.0,0.0,0.0,0.916641935
TE15_OESOPHAGUS,0.0,0.0,0.0,0.0,0.0,0.0,0.3855034
TE441T_SOFT_TISSUE,0.0,0.0,0.0,0.0,0.0,0.0,0.972262705
TE4_OESOPHAGUS,0.0,0.0,0.0,0.0,0.0,0.0,0.61584116
TE6_OESOPHAGUS,0.0,0.0,0.0,0.0,0.0,0.0,0.883180945
TE8_OESOPHAGUS,0.0,0.0,0.0,0.0,0.0,0.0,0.9168676950000001
TE9_OESOPHAGUS,0.0,0.0,0.0,0.0,0.0,0.0,0.9817878099999999
TGBC11TKB_STOMACH,0.0,0.0,0.0,0.0,0.0,0.0,0.9935466099999999
TGBC24TKB_BILIARY_TRACT,1.0,0.0,0.0,0.0,0.0,1.0,0.9510719999999999
TGW_AUTONOMIC_GANGLIA,0.0,0.0,0.0,0.0,0.0,0.0,0.9478111300000001
TK_HAEMATOPOIETIC_AND_LYMPHOID_TISSUE,0.0,0.0,0.0,0.0,0.0,0.0,0.953083
TK10_KIDNEY,0.0,0.0,0.0,0.0,0.0,0.0,0.85574028
TMK1_STOMACH,0.0,0.0,0.0,0.0,0.0,0.0,0.991087
TOV112D_OVARY,0.0,0.0,0.0,0.0,0.0,0.0,0.792603375
TT2609C02_THYROID,0.0,0.0,0.0,0.0,0.0,0.0,0.87239602
TUR_HAEMATOPOIETIC_AND_LYMPHOID_TISSUE,0.0,0.0,0.0,0.0,0.0,0.0,0.653425
U118MG_CENTRAL_NERVOUS_SYSTEM,0.0,0.0,0.0,0.0,0.0,0.0,0.983617915
UACC62_SKIN,1.0,0.0,0.0,0.0,0.0,0.0,0.98228887
UMC11_LUNG,0.0,0.0,0.0,0.0,0.0,0.0,0.9726471050000001
UMUC3_URINARY_TRACT,0.0,0.0,0.0,0.0,0.0,0.0,0.87025737
UWB1289_OVARY,0.0,0.0,0.0,0.0,0.0,0.0,0.8856027799999999
VAESBJ_SOFT_TISSUE,0.0,0.0,0.0,0.0,0.0,0.0,0.986701445
VAL_HAEMATOPOIETIC_AND_LYMPHOID_TISSUE,0.0,0.0,0.0,1.0,0.0,0.0,0.7946249299999999
VCAP_PROSTATE,0.0,0.0,0.0,0.0,0.0,0.0,0.958376425
VMRCMELG_SKIN,1.0,0.0,0.0,0.0,0.0,0.0,0.98690794
VMRCRCW_KIDNEY,0.0,0.0,0.0,0.0,0.0,0.0,0.958168715
VMRCRCZ_KIDNEY,0.0,0.0,0.0,0.0,0.0,0.0,0.8474827633333333
WIL2NS_HAEMATOPOIETIC_AND_LYMPHOID_TISSUE,0.0,0.0,0.0,0.0,0.0,0.0,0.831714
WM115_SKIN,1.0,0.0,0.0,0.0,0.0,0.0,0.8557920566666667
WM1552C_SKIN,1.0,0.0,0.0,0.0,0.0,0.0,0.8330049999999999
WM278_SKIN,1.0,0.0,0.0,0.0,0.0,0.0,0.988542
WM35_SKIN,1.0,0.0,0.0,0.0,0.0,0.0,0.9631290000000001
WSUNHL_HAEMATOPOIETIC_AND_LYMPHOID_TISSUE,1.0,0.0,0.0,0.0,0.0,0.0,0.95192391
YAPC_PANCREAS,0.0,0.0,0.0,0.0,0.0,0.0,0.957175235
YH13_CENTRAL_NERVOUS_SYSTEM,0.0,0.0,0.0,0.0,0.0,0.0,0.938787945
YKG1_CENTRAL_NERVOUS_SYSTEM,0.0,0.0,0.0,0.0,0.0,0.0,0.94747632
YMB1E_BREAST,0.0,0.0,0.0,0.0,0.0,0.0,0.983115
YT_HAEMATOPOIETIC_AND_LYMPHOID_TISSUE,0.0,0.0,0.0,0.0,0.0,0.0,0.8721180000000001
DAUDI_HAEMATOPOIETIC_AND_LYMPHOID_TISSUE,0.0,1.0,0.0,0.0,0.0,0.0,0.8038879800000001
HEL_HAEMATOPOIETIC_AND_LYMPHOID_TISSUE,0.0,0.0,0.0,0.0,0.0,0.0,0.39456476
HS633T_SOFT_TISSUE,0.0,0.0,0.0,0.0,0.0,0.0,0.908808
IGR37_SKIN,1.0,0.0,0.0,0.0,0.0,0.0,0.9921084066666667
JHH2_LIVER,0.0,0.0,0.0,0.0,0.0,0.0,0.91519543
JHH4_LIVER,0.0,0.0,0.0,0.0,0.0,0.0,0.9901051649999999
NCIH1395_LUNG,1.0,0.0,0.0,0.0,0.0,0.0,0.98550072
PC3JPC3_LUNG,0.0,0.0,0.0,0.0,0.0,0.0,0.43660699999999997
SW156_KIDNEY,0.0,0.0,0.0,0.0,0.0,0.0,0.900145975
SKNBE2_AUTONOMIC_GANGLIA,0.0,0.0,0.0,0.0,0.0,0.0,0.954365
