Cell_line,MYC_mut,RB1_mut,ERBB2_amp,BRAF_mut,KRAS_mut,NRAS_mut,Refametinib
22RV1_PROSTATE,0.0,0.0,0.0,1.0,0.0,0.0,0.8925110100000001
A204_SOFT_TISSUE,0.0,0.0,0.0,0.0,0.0,0.0,0.869252
A253_SALIVARY_GLAND,0.0,0.0,0.0,0.0,0.0,0.0,0.8280019999999999
A427_LUNG,0.0,0.0,0.0,0.0,1.0,0.0,0.8426297600000001
A431_SKIN,0.0,0.0,0.0,0.0,0.0,0.0,0.781692885
A4FUK_HAEMATOPOIETIC_AND_LYMPHOID_TISSUE,1.0,0.0,0.0,0.0,0.0,0.0,0.6600815099999999
A673_BONE,0.0,0.0,0.0,1.0,0.0,0.0,0.9482871033333332
ALLSIL_HAEMATOPOIETIC_AND_LYMPHOID_TISSUE,0.0,0.0,0.0,0.0,0.0,0.0,0.9644783933333333
BICR78_UPPER_AERODIGESTIVE_TRACT,0.0,0.0,0.0,0.0,0.0,0.0,0.49757058
CADOES1_BONE,0.0,0.0,0.0,0.0,0.0,0.0,0.9840483549999999
CCFSTTG1_CENTRAL_NERVOUS_SYSTEM,0.0,0.0,0.0,1.0,0.0,0.0,0.90708074
CL11_LARGE_INTESTINE,0.0,0.0,0.0,0.0,1.0,0.0,0.5090393200000001
CORL23_LUNG,0.0,0.0,0.0,0.0,1.0,0.0,0.8208126
D283MED_CENTRAL_NERVOUS_SYSTEM,0.0,0.0,0.0,0.0,0.0,0.0,0.970880325
DOV13_OVARY,0.0,0.0,0.0,0.0,0.0,0.0,0.7309708033333333
EGI1_BILIARY_TRACT,0.0,0.0,0.0,0.0,1.0,0.0,0.665655665
ESO26_OESOPHAGUS,0.0,0.0,1.0,0.0,0.0,0.0,0.9216711850000001
ESO51_OESOPHAGUS,0.0,0.0,0.0,0.0,0.0,0.0,0.5538151
FLO1_OESOPHAGUS,0.0,0.0,0.0,0.0,0.0,0.0,0.762383255
G401_SOFT_TISSUE,0.0,0.0,0.0,0.0,0.0,0.0,0.7858018933333333
G402_SOFT_TISSUE,0.0,0.0,0.0,0.0,0.0,0.0,0.8769859666666666
GIMEN_AUTONOMIC_GANGLIA,0.0,0.0,0.0,0.0,0.0,0.0,0.7019580999999999
HEL9217_HAEMATOPOIETIC_AND_LYMPHOID_TISSUE,0.0,0.0,0.0,0.0,0.0,0.0,0.991094
JAR_PLACENTA,0.0,0.0,0.0,0.0,0.0,0.0,0.973138945
K562_HAEMATOPOIETIC_AND_LYMPHOID_TISSUE,0.0,0.0,0.0,0.0,0.0,0.0,0.6307905
KYSE140_OESOPHAGUS,0.0,0.0,0.0,0.0,0.0,0.0,0.8462922133333333
NCIH1048_LUNG,0.0,1.0,0.0,0.0,0.0,1.0,0.8942234666666667
NCIH1092_LUNG,0.0,0.0,0.0,0.0,0.0,0.0,0.9874081033333333
NCIH1915_LUNG,0.0,0.0,0.0,0.0,0.0,0.0,0.631874
NCIH3122_LUNG,0.0,0.0,0.0,0.0,0.0,0.0,0.73230668
NCIH446_LUNG,0.0,1.0,0.0,0.0,0.0,0.0,0.96548851
NCIH526_LUNG,0.0,1.0,0.0,0.0,0.0,0.0,0.98894854
OACM51_OESOPHAGUS,0.0,0.0,0.0,0.0,0.0,0.0,0.986246615
OCUM1_STOMACH,0.0,0.0,0.0,0.0,0.0,0.0,0.264752865
PF382_HAEMATOPOIETIC_AND_LYMPHOID_TISSUE,1.0,0.0,0.0,0.0,0.0,1.0,0.98796569
RH41_SOFT_TISSUE,0.0,0.0,0.0,0.0,0.0,0.0,0.992155275
SAOS2_BONE,0.0,1.0,0.0,0.0,0.0,0.0,0.9374013766666666
SIHA_CERVIX,0.0,0.0,0.0,0.0,0.0,0.0,0.9369762749999999
SKES1_BONE,0.0,0.0,0.0,0.0,0.0,0.0,0.9529601633333332
SKGT4_OESOPHAGUS,0.0,0.0,0.0,0.0,1.0,0.0,0.554586915
SKPNDW_BONE,0.0,1.0,0.0,0.0,0.0,0.0,0.985984695
SW13_ADRENAL_CORTEX,0.0,0.0,0.0,0.0,0.0,0.0,0.8077023000000001
SW626_OVARY,0.0,0.0,0.0,0.0,1.0,0.0,0.50935063
SW954_VULVA,0.0,0.0,0.0,0.0,0.0,0.0,0.81891507
SW982_SOFT_TISSUE,0.0,0.0,0.0,1.0,0.0,0.0,0.51589171
TC71_BONE,0.0,0.0,0.0,0.0,0.0,0.0,0.9758696366666667
AMO1_HAEMATOPOIETIC_AND_LYMPHOID_TISSUE,0.0,0.0,0.0,0.0,1.0,0.0,0.8637895066666667
BL41_HAEMATOPOIETIC_AND_LYMPHOID_TISSUE,1.0,0.0,0.0,0.0,0.0,0.0,0.9922803233333332
CALU3_LUNG,0.0,0.0,1.0,0.0,0.0,0.0,0.8594875699999999
CL40_LARGE_INTESTINE,0.0,0.0,0.0,0.0,1.0,0.0,0.63076555
CMK_HAEMATOPOIETIC_AND_LYMPHOID_TISSUE,0.0,0.0,0.0,0.0,0.0,0.0,0.963078785
CMLT1_HAEMATOPOIETIC_AND_LYMPHOID_TISSUE,0.0,0.0,0.0,0.0,0.0,0.0,0.8369123049999999
COLO783_SKIN,0.0,0.0,0.0,1.0,0.0,0.0,0.74052972
CORL95_LUNG,0.0,1.0,0.0,0.0,0.0,0.0,0.977253365
DMS79_LUNG,0.0,1.0,0.0,0.0,0.0,0.0,0.98747896
DND41_HAEMATOPOIETIC_AND_LYMPHOID_TISSUE,0.0,1.0,0.0,0.0,1.0,1.0,0.734828745
EJM_HAEMATOPOIETIC_AND_LYMPHOID_TISSUE,0.0,0.0,0.0,0.0,0.0,0.0,0.98106547
ESS1_ENDOMETRIUM,0.0,1.0,0.0,0.0,0.0,0.0,0.9299559766666667
GDM1_HAEMATOPOIETIC_AND_LYMPHOID_TISSUE,0.0,0.0,0.0,0.0,0.0,0.0,0.9871813
GRANTA519_HAEMATOPOIETIC_AND_LYMPHOID_TISSUE,0.0,0.0,0.0,0.0,0.0,0.0,0.98529841
HCC1143_BREAST,0.0,0.0,0.0,0.0,0.0,0.0,0.6825044
HCC1395_BREAST,0.0,0.0,0.0,0.0,0.0,0.0,0.9280080933333333
HCC366_LUNG,0.0,0.0,0.0,0.0,0.0,0.0,0.9563869
HCC78_LUNG,1.0,0.0,0.0,0.0,0.0,0.0,0.8413675566666666
HEP3B217_LIVER,0.0,1.0,0.0,0.0,0.0,0.0,0.71598842
HEYA8_OVARY,0.0,0.0,0.0,1.0,1.0,0.0,0.6754610000000001
HS578T_BREAST,0.0,0.0,0.0,0.0,0.0,0.0,0.7408578566666666
HS766T_PANCREAS,0.0,0.0,0.0,0.0,1.0,0.0,0.6827029766666667
HS939T_SKIN,0.0,0.0,0.0,1.0,0.0,0.0,0.59939765
HT55_LARGE_INTESTINE,0.0,0.0,0.0,1.0,0.0,0.0,0.783266145
HT_HAEMATOPOIETIC_AND_LYMPHOID_TISSUE,0.0,1.0,0.0,0.0,0.0,0.0,0.9873112433333334
HUH1_LIVER,0.0,0.0,0.0,0.0,0.0,0.0,0.88294153
JHOS2_OVARY,0.0,0.0,0.0,0.0,0.0,0.0,0.5511496300000001
JHOS4_OVARY,1.0,0.0,0.0,0.0,0.0,0.0,0.8756137533333334
JIMT1_BREAST,0.0,0.0,1.0,0.0,0.0,0.0,0.871097105
JJN3_HAEMATOPOIETIC_AND_LYMPHOID_TISSUE,0.0,0.0,0.0,0.0,0.0,1.0,0.7253536549999999
JM1_HAEMATOPOIETIC_AND_LYMPHOID_TISSUE,1.0,0.0,0.0,0.0,0.0,0.0,0.9904680566666667
JURKAT_HAEMATOPOIETIC_AND_LYMPHOID_TISSUE,0.0,1.0,0.0,1.0,0.0,0.0,0.99024431
JURLMK1_HAEMATOPOIETIC_AND_LYMPHOID_TISSUE,0.0,0.0,0.0,0.0,0.0,0.0,0.19700436500000001
KARPAS620_HAEMATOPOIETIC_AND_LYMPHOID_TISSUE,0.0,0.0,0.0,0.0,1.0,0.0,0.8167500666666667
KCL22_HAEMATOPOIETIC_AND_LYMPHOID_TISSUE,0.0,0.0,0.0,1.0,0.0,0.0,0.8175800433333332
KMRC2_KIDNEY,0.0,0.0,0.0,0.0,0.0,0.0,0.9025925
KMS11_HAEMATOPOIETIC_AND_LYMPHOID_TISSUE,0.0,0.0,0.0,0.0,0.0,0.0,0.9467960633333332
KOPN8_HAEMATOPOIETIC_AND_LYMPHOID_TISSUE,0.0,0.0,0.0,0.0,1.0,0.0,0.662943505
KP2_PANCREAS,0.0,0.0,0.0,0.0,1.0,0.0,0.46564346000000006
L1236_HAEMATOPOIETIC_AND_LYMPHOID_TISSUE,0.0,0.0,0.0,0.0,0.0,0.0,0.96699183
LNCAPCLONEFGC_PROSTATE,1.0,0.0,0.0,0.0,0.0,0.0,0.98418359
LP1_HAEMATOPOIETIC_AND_LYMPHOID_TISSUE,0.0,0.0,0.0,0.0,0.0,0.0,0.99082438
MDAMB415_BREAST,0.0,0.0,0.0,1.0,0.0,0.0,0.87762964
MDAMB436_BREAST,0.0,0.0,0.0,1.0,0.0,0.0,0.8199326499999998
ME1_HAEMATOPOIETIC_AND_LYMPHOID_TISSUE,0.0,0.0,0.0,0.0,0.0,1.0,0.565986515
MFE296_ENDOMETRIUM,0.0,0.0,0.0,0.0,0.0,0.0,0.88328415
MHHCALL2_HAEMATOPOIETIC_AND_LYMPHOID_TISSUE,0.0,0.0,0.0,0.0,0.0,0.0,0.87798481
MM1S_HAEMATOPOIETIC_AND_LYMPHOID_TISSUE,0.0,0.0,0.0,0.0,1.0,0.0,0.781321225
MOLM13_HAEMATOPOIETIC_AND_LYMPHOID_TISSUE,0.0,0.0,0.0,0.0,0.0,0.0,0.82617019
MOLM16_HAEMATOPOIETIC_AND_LYMPHOID_TISSUE,0.0,0.0,0.0,0.0,0.0,0.0,0.75127387
MOLP8_HAEMATOPOIETIC_AND_LYMPHOID_TISSUE,0.0,0.0,0.0,0.0,0.0,1.0,0.7723158699999999
NAMALWA_HAEMATOPOIETIC_AND_LYMPHOID_TISSUE,1.0,0.0,0.0,0.0,0.0,0.0,0.989361505
NB1_AUTONOMIC_GANGLIA,0.0,0.0,0.0,1.0,0.0,0.0,0.86360796
NB4_HAEMATOPOIETIC_AND_LYMPHOID_TISSUE,0.0,0.0,0.0,0.0,1.0,0.0,0.160306825
NCIH1341_LUNG,0.0,0.0,0.0,0.0,0.0,0.0,0.9393463233333333
NCIH1436_LUNG,0.0,0.0,0.0,0.0,0.0,0.0,0.979910045
NCIH1836_LUNG,0.0,0.0,0.0,0.0,0.0,0.0,0.986975785
NCIH1944_LUNG,0.0,0.0,0.0,0.0,1.0,0.0,0.6899962500000001
NCIH2172_LUNG,0.0,1.0,0.0,0.0,0.0,0.0,0.9574551000000001
NUGC4_STOMACH,0.0,0.0,0.0,0.0,0.0,0.0,0.7975869833333333
OCIAML5_HAEMATOPOIETIC_AND_LYMPHOID_TISSUE,0.0,0.0,0.0,0.0,0.0,0.0,0.599605
OCILY19_HAEMATOPOIETIC_AND_LYMPHOID_TISSUE,0.0,0.0,0.0,0.0,0.0,1.0,0.8514950050000001
OCIM1_HAEMATOPOIETIC_AND_LYMPHOID_TISSUE,0.0,0.0,0.0,0.0,0.0,0.0,0.902682195
OV90_OVARY,0.0,0.0,0.0,1.0,0.0,0.0,0.3918888566666667
OVTOKO_OVARY,0.0,0.0,0.0,0.0,0.0,0.0,0.79038684
PANC0203_PANCREAS,0.0,0.0,0.0,0.0,1.0,0.0,0.4989773233333333
PANC0403_PANCREAS,0.0,0.0,0.0,1.0,1.0,0.0,0.6949950866666667
PATU8902_PANCREAS,0.0,0.0,0.0,0.0,1.0,0.0,0.6272537333333333
RKN_SOFT_TISSUE,0.0,0.0,0.0,0.0,1.0,0.0,0.7716624000000001
RPMI8402_HAEMATOPOIETIC_AND_LYMPHOID_TISSUE,0.0,0.0,0.0,0.0,0.0,0.0,0.9885344699999999
SF295_CENTRAL_NERVOUS_SYSTEM,0.0,0.0,0.0,0.0,0.0,0.0,0.91995839
SIMA_AUTONOMIC_GANGLIA,0.0,0.0,0.0,0.0,0.0,0.0,0.7827673566666666
SKCO1_LARGE_INTESTINE,0.0,0.0,0.0,0.0,1.0,0.0,0.46605864333333336
SKMEL31_SKIN,0.0,0.0,0.0,1.0,0.0,0.0,0.88038879
SNGM_ENDOMETRIUM,0.0,0.0,0.0,0.0,1.0,0.0,0.94125894
SNU61_LARGE_INTESTINE,0.0,0.0,0.0,0.0,1.0,0.0,0.88949761
SUDHL10_HAEMATOPOIETIC_AND_LYMPHOID_TISSUE,1.0,0.0,0.0,0.0,1.0,0.0,0.9975499066666668
SUDHL4_HAEMATOPOIETIC_AND_LYMPHOID_TISSUE,0.0,0.0,0.0,0.0,0.0,0.0,0.9973020566666667
SUDHL5_HAEMATOPOIETIC_AND_LYMPHOID_TISSUE,1.0,0.0,0.0,0.0,0.0,0.0,0.888524395
SUDHL6_HAEMATOPOIETIC_AND_LYMPHOID_TISSUE,0.0,0.0,0.0,0.0,0.0,0.0,0.9785857366666666
SUDHL8_HAEMATOPOIETIC_AND_LYMPHOID_TISSUE,1.0,0.0,0.0,1.0,0.0,0.0,0.9830036666666667
SUPHD1_HAEMATOPOIETIC_AND_LYMPHOID_TISSUE,0.0,0.0,0.0,0.0,0.0,0.0,0.9661427
SUPM2_HAEMATOPOIETIC_AND_LYMPHOID_TISSUE,0.0,0.0,0.0,0.0,0.0,0.0,0.9489377666666666
SW1271_LUNG,1.0,0.0,0.0,1.0,0.0,1.0,0.7554161733333333
SW1353_BONE,0.0,0.0,0.0,0.0,0.0,0.0,0.7972505000000001
SW1573_LUNG,0.0,0.0,0.0,0.0,1.0,0.0,0.9020278733333332
TE617T_SOFT_TISSUE,0.0,0.0,0.0,0.0,0.0,0.0,0.941564
TOV21G_OVARY,0.0,0.0,0.0,0.0,1.0,0.0,0.7929356799999999
TT_OESOPHAGUS,0.0,0.0,0.0,0.0,0.0,0.0,0.876154705
TYKNU_OVARY,0.0,0.0,0.0,0.0,0.0,1.0,0.591279
WM793_SKIN,0.0,0.0,0.0,1.0,0.0,0.0,0.7938489633333333
WSUDLCL2_HAEMATOPOIETIC_AND_LYMPHOID_TISSUE,0.0,0.0,0.0,0.0,0.0,0.0,0.9920865350000001
2313287_STOMACH,0.0,0.0,0.0,0.0,0.0,0.0,0.80470296
5637_URINARY_TRACT,0.0,1.0,0.0,0.0,0.0,0.0,0.9106716966666667
786O_KIDNEY,0.0,0.0,0.0,0.0,0.0,0.0,0.7898835433333332
A2780_OVARY,0.0,0.0,0.0,1.0,0.0,0.0,0.92468399
A375_SKIN,0.0,0.0,0.0,1.0,0.0,0.0,0.29635402000000005
A549_LUNG,0.0,0.0,0.0,0.0,1.0,0.0,0.45096767
AGS_STOMACH,0.0,0.0,0.0,0.0,1.0,0.0,0.37114223999999996
C2BBE1_LARGE_INTESTINE,0.0,0.0,0.0,0.0,0.0,0.0,0.6392355266666666
CAL27_UPPER_AERODIGESTIVE_TRACT,0.0,0.0,0.0,0.0,0.0,1.0,0.6650333199999999
CHP212_AUTONOMIC_GANGLIA,0.0,0.0,0.0,0.0,0.0,1.0,0.12169390999999999
COLO668_LUNG,0.0,1.0,0.0,0.0,1.0,0.0,0.872571435
CORL279_LUNG,0.0,0.0,0.0,0.0,0.0,1.0,0.9885642299999999
CORL88_LUNG,0.0,1.0,0.0,0.0,0.0,0.0,0.975846515
DAOY_CENTRAL_NERVOUS_SYSTEM,0.0,0.0,0.0,0.0,0.0,0.0,0.952955
DB_HAEMATOPOIETIC_AND_LYMPHOID_TISSUE,0.0,0.0,0.0,0.0,0.0,0.0,0.9789917450000001
DMS114_LUNG,0.0,0.0,0.0,0.0,0.0,0.0,0.9361161966666667
DMS273_LUNG,0.0,1.0,0.0,0.0,0.0,0.0,0.942947025
DU145_PROSTATE,0.0,1.0,0.0,0.0,0.0,0.0,0.6756563766666668
EFO27_OVARY,1.0,0.0,0.0,0.0,0.0,0.0,0.6683692200000001
FADU_UPPER_AERODIGESTIVE_TRACT,0.0,0.0,0.0,0.0,0.0,0.0,0.59414557
FU97_STOMACH,0.0,0.0,0.0,0.0,0.0,0.0,0.7227797966666666
G361_SKIN,0.0,0.0,0.0,1.0,0.0,0.0,0.39081007333333334
GCIY_STOMACH,0.0,0.0,0.0,0.0,0.0,0.0,0.6803121649999999
HARA_LUNG,0.0,0.0,0.0,0.0,0.0,0.0,0.8546126933333333
HCC15_LUNG,0.0,1.0,0.0,0.0,0.0,1.0,0.4809443666666667
HCC44_LUNG,0.0,1.0,0.0,0.0,1.0,0.0,0.51327575
HCT116_LARGE_INTESTINE,0.0,0.0,0.0,0.0,1.0,0.0,0.59309979
HCT15_LARGE_INTESTINE,0.0,0.0,0.0,0.0,1.0,0.0,0.7200652949999999
HGC27_STOMACH,0.0,0.0,0.0,0.0,0.0,0.0,0.9851579833333334
HS746T_STOMACH,0.0,0.0,0.0,0.0,0.0,0.0,0.8147867366666667
HT29_LARGE_INTESTINE,0.0,0.0,0.0,1.0,0.0,0.0,0.35500251666666666
KATOIII_STOMACH,0.0,0.0,0.0,0.0,0.0,0.0,0.84695321
KNS62_LUNG,0.0,0.0,0.0,0.0,0.0,0.0,0.7252890766666665
KYSE180_OESOPHAGUS,0.0,0.0,0.0,1.0,0.0,0.0,0.968067
KYSE410_OESOPHAGUS,0.0,0.0,1.0,0.0,1.0,0.0,0.708816605
KYSE450_OESOPHAGUS,0.0,0.0,0.0,0.0,0.0,0.0,0.8986023200000001
LOXIMVI_SKIN,0.0,0.0,0.0,1.0,0.0,0.0,0.51518876
MKN45_STOMACH,0.0,0.0,0.0,0.0,0.0,0.0,0.817838
MKN7_STOMACH,0.0,0.0,1.0,0.0,0.0,0.0,0.7603590633333335
MSTO211H_PLEURA,0.0,0.0,0.0,0.0,0.0,0.0,0.82925439
NCIH1105_LUNG,0.0,1.0,0.0,0.0,0.0,0.0,0.99330392
NCIH1299_LUNG,0.0,0.0,0.0,0.0,0.0,1.0,0.771892
NCIH1437_LUNG,0.0,0.0,0.0,0.0,0.0,0.0,0.552855495
NCIH146_LUNG,0.0,1.0,0.0,0.0,0.0,0.0,0.9948187449999999
NCIH1650_LUNG,0.0,0.0,0.0,0.0,0.0,0.0,0.940157
NCIH1651_LUNG,0.0,0.0,0.0,1.0,0.0,0.0,0.9594939166666667
NCIH1666_LUNG,0.0,0.0,0.0,1.0,0.0,0.0,0.5314
NCIH1694_LUNG,0.0,1.0,0.0,0.0,0.0,0.0,0.9841298133333334
NCIH1876_LUNG,0.0,1.0,0.0,0.0,0.0,1.0,0.979631275
NCIH2052_PLEURA,0.0,0.0,0.0,0.0,0.0,0.0,0.9052115199999999
NCIH2066_LUNG,0.0,0.0,0.0,0.0,0.0,0.0,0.961350775
NCIH2081_LUNG,0.0,1.0,0.0,0.0,0.0,0.0,0.98751037
NCIH209_LUNG,0.0,1.0,0.0,0.0,0.0,0.0,0.9851913
NCIH211_LUNG,0.0,0.0,0.0,0.0,0.0,0.0,0.9607411466666665
NCIH2122_LUNG,0.0,0.0,0.0,0.0,1.0,0.0,0.713536
NCIH2170_LUNG,0.0,0.0,1.0,0.0,0.0,0.0,0.985605
NCIH2227_LUNG,0.0,1.0,0.0,1.0,0.0,0.0,0.8350414150000001
NCIH510_LUNG,0.0,1.0,0.0,0.0,0.0,0.0,0.804311765
NCIH522_LUNG,0.0,0.0,0.0,0.0,0.0,0.0,0.97455941
NCIH524_LUNG,0.0,1.0,0.0,0.0,0.0,0.0,0.98252486
NCIH650_LUNG,0.0,0.0,0.0,0.0,1.0,0.0,0.83577914
NCIH661_LUNG,0.0,0.0,0.0,0.0,0.0,0.0,0.9165786933333333
NCIH69_LUNG,1.0,1.0,0.0,0.0,0.0,0.0,0.9857895999999999
NCIH747_LARGE_INTESTINE,0.0,0.0,0.0,0.0,1.0,0.0,0.5878506233333333
NCIH82_LUNG,0.0,1.0,0.0,0.0,0.0,0.0,0.986546935
NCIH841_LUNG,0.0,0.0,0.0,0.0,0.0,0.0,0.91147352
NCIN87_STOMACH,0.0,0.0,1.0,0.0,0.0,0.0,0.9134973066666667
NUGC3_STOMACH,0.0,0.0,0.0,0.0,0.0,0.0,0.80061903
ONS76_CENTRAL_NERVOUS_SYSTEM,0.0,0.0,0.0,0.0,0.0,1.0,0.5611509366666666
OPM2_HAEMATOPOIETIC_AND_LYMPHOID_TISSUE,0.0,0.0,0.0,0.0,0.0,0.0,0.9837112166666667
PC14_LUNG,0.0,0.0,0.0,0.0,0.0,0.0,0.8730825700000001
PC3_PROSTATE,0.0,0.0,0.0,0.0,0.0,0.0,0.9500094600000001
RERFGC1B_STOMACH,0.0,1.0,0.0,0.0,0.0,0.0,0.836137
RERFLCMS_LUNG,0.0,0.0,0.0,0.0,0.0,0.0,0.7124173233333334
RKO_LARGE_INTESTINE,1.0,0.0,0.0,1.0,0.0,0.0,0.7316927666666667
RT112_URINARY_TRACT,1.0,0.0,0.0,0.0,0.0,0.0,0.770913
SBC5_LUNG,0.0,0.0,0.0,0.0,0.0,0.0,0.9639553966666666
SCC25_UPPER_AERODIGESTIVE_TRACT,0.0,0.0,0.0,0.0,0.0,0.0,0.6011898233333334
SHP77_LUNG,0.0,0.0,0.0,0.0,1.0,0.0,0.9913594166666666
SKHEP1_LIVER,0.0,0.0,0.0,1.0,0.0,0.0,0.74475691
SKLMS1_SOFT_TISSUE,0.0,0.0,0.0,0.0,0.0,0.0,0.6939189366666666
SKMEL30_SKIN,0.0,0.0,0.0,1.0,0.0,1.0,0.456016
SKMES1_LUNG,0.0,0.0,0.0,0.0,0.0,0.0,0.7205000133333334
SKOV3_OVARY,0.0,0.0,1.0,0.0,0.0,0.0,0.9291184866666667
SNU16_STOMACH,0.0,0.0,0.0,1.0,1.0,0.0,0.989473065
SNU1_STOMACH,0.0,0.0,0.0,1.0,1.0,0.0,0.97732904
SNU387_LIVER,0.0,0.0,0.0,0.0,0.0,1.0,0.591744755
SNU423_LIVER,0.0,0.0,0.0,0.0,0.0,0.0,0.8286474933333334
SW900_LUNG,1.0,0.0,0.0,0.0,1.0,0.0,0.9501598166666666
T24_URINARY_TRACT,0.0,0.0,0.0,0.0,0.0,0.0,0.79893
TE11_OESOPHAGUS,0.0,0.0,0.0,0.0,0.0,0.0,0.8926711266666668
TE5_OESOPHAGUS,0.0,0.0,0.0,0.0,0.0,0.0,0.8344082166666666
U2OS_BONE,0.0,0.0,0.0,0.0,0.0,0.0,0.759169
U87MG_CENTRAL_NERVOUS_SYSTEM,0.0,0.0,0.0,0.0,0.0,0.0,0.8725010833333333
UACC257_SKIN,0.0,0.0,0.0,1.0,0.0,0.0,0.37235074000000007
769P_KIDNEY,0.0,0.0,0.0,0.0,0.0,0.0,0.834765
8305C_THYROID,0.0,0.0,0.0,1.0,0.0,0.0,0.6353576766666666
A101D_SKIN,0.0,0.0,0.0,1.0,0.0,0.0,0.56407911
A3KAW_HAEMATOPOIETIC_AND_LYMPHOID_TISSUE,1.0,0.0,0.0,0.0,0.0,0.0,0.9866415150000001
A704_KIDNEY,0.0,0.0,0.0,0.0,0.0,0.0,0.877016425
ACHN_KIDNEY,0.0,0.0,0.0,0.0,0.0,0.0,0.757196
AN3CA_ENDOMETRIUM,0.0,0.0,0.0,0.0,0.0,0.0,0.902468
AU565_BREAST,0.0,0.0,1.0,0.0,0.0,0.0,0.9702670200000001
BFTC909_KIDNEY,0.0,0.0,0.0,0.0,0.0,0.0,0.930974
BT20_BREAST,0.0,1.0,0.0,0.0,0.0,0.0,0.9035392533333333
BT474_BREAST,0.0,0.0,1.0,0.0,0.0,0.0,0.9361362266666667
BT483_BREAST,0.0,0.0,0.0,0.0,0.0,0.0,0.944454335
CAL120_BREAST,0.0,0.0,0.0,0.0,0.0,0.0,0.8455906900000001
CAL51_BREAST,0.0,0.0,0.0,0.0,0.0,0.0,0.8704462049999999
CAL54_KIDNEY,0.0,0.0,0.0,0.0,0.0,0.0,0.82291444
CAL851_BREAST,0.0,1.0,0.0,0.0,0.0,0.0,0.7774301499999999
CALU6_LUNG,0.0,0.0,0.0,0.0,1.0,0.0,0.8035991866666666
CAMA1_BREAST,0.0,0.0,0.0,0.0,0.0,0.0,0.978452
CAPAN1_PANCREAS,0.0,0.0,0.0,0.0,1.0,0.0,0.835997995
CAS1_CENTRAL_NERVOUS_SYSTEM,0.0,0.0,0.0,0.0,0.0,0.0,0.89805689
CCK81_LARGE_INTESTINE,0.0,0.0,0.0,1.0,0.0,0.0,0.987357
CHAGOK1_LUNG,0.0,1.0,0.0,0.0,0.0,0.0,0.9536559099999999
DANG_PANCREAS,0.0,0.0,0.0,0.0,1.0,0.0,0.82417264
DETROIT562_UPPER_AERODIGESTIVE_TRACT,0.0,0.0,0.0,0.0,0.0,0.0,0.8956158766666666
DU4475_BREAST,0.0,0.0,0.0,1.0,0.0,0.0,0.18687765
EBC1_LUNG,0.0,0.0,0.0,0.0,0.0,0.0,0.5681968966666667
EFM192A_BREAST,0.0,0.0,1.0,0.0,0.0,0.0,0.959264035
EFM19_BREAST,0.0,0.0,0.0,0.0,0.0,0.0,0.974646
EFO21_OVARY,0.0,0.0,0.0,0.0,0.0,0.0,0.9130447899999999
EOL1_HAEMATOPOIETIC_AND_LYMPHOID_TISSUE,0.0,0.0,0.0,0.0,0.0,0.0,0.511177515
ES2_OVARY,0.0,0.0,0.0,1.0,0.0,0.0,0.6964503766666666
FUOV1_OVARY,0.0,0.0,0.0,0.0,0.0,0.0,0.8737460566666666
GAMG_CENTRAL_NERVOUS_SYSTEM,0.0,0.0,0.0,0.0,0.0,0.0,0.8281446733333334
GB1_CENTRAL_NERVOUS_SYSTEM,0.0,0.0,0.0,0.0,0.0,0.0,0.7784388999999999
GI1_CENTRAL_NERVOUS_SYSTEM,1.0,1.0,0.0,0.0,0.0,0.0,0.9295544933333333
H4_CENTRAL_NERVOUS_SYSTEM,0.0,0.0,0.0,0.0,0.0,0.0,0.83428085
HCC1187_BREAST,0.0,0.0,0.0,0.0,0.0,0.0,0.943941445
HCC1419_BREAST,0.0,0.0,1.0,0.0,0.0,0.0,0.9718734250000001
HCC1428_BREAST,0.0,0.0,0.0,0.0,0.0,0.0,0.9868872049999999
HCC1500_BREAST,0.0,0.0,0.0,0.0,0.0,0.0,0.9211282900000001
HCC1569_BREAST,0.0,0.0,1.0,0.0,0.0,0.0,0.9103068100000001
HCC1937_BREAST,0.0,0.0,0.0,0.0,0.0,0.0,0.90784302
HCC1954_BREAST,0.0,0.0,1.0,0.0,0.0,0.0,0.9142930433333333
HCC202_BREAST,0.0,0.0,1.0,0.0,0.0,0.0,0.97895995
HCC2157_BREAST,0.0,0.0,0.0,0.0,0.0,0.0,0.95106497
HCC38_BREAST,0.0,0.0,0.0,0.0,0.0,0.0,0.968100065
HCC70_BREAST,0.0,1.0,0.0,0.0,0.0,0.0,0.880079
HCC827_LUNG,0.0,0.0,0.0,0.0,0.0,0.0,0.95526163
HDQP1_BREAST,0.0,0.0,0.0,0.0,0.0,0.0,0.7916202666666666
HPAC_PANCREAS,0.0,0.0,0.0,0.0,1.0,0.0,0.866832
HT115_LARGE_INTESTINE,0.0,0.0,0.0,1.0,0.0,0.0,0.8208861550000001
HT1376_URINARY_TRACT,0.0,1.0,0.0,0.0,0.0,0.0,0.8185334466666667
HT144_SKIN,0.0,0.0,0.0,1.0,0.0,0.0,0.32012798000000003
HUTU80_SMALL_INTESTINE,0.0,0.0,0.0,0.0,0.0,0.0,0.763602525
IGROV1_OVARY,0.0,1.0,0.0,0.0,0.0,0.0,0.7276622333333332
JHH1_LIVER,0.0,0.0,0.0,0.0,0.0,0.0,0.50643009
JHH7_LIVER,0.0,0.0,0.0,0.0,0.0,0.0,0.78742229
KALS1_CENTRAL_NERVOUS_SYSTEM,0.0,0.0,0.0,0.0,0.0,0.0,0.721016
KARPAS299_HAEMATOPOIETIC_AND_LYMPHOID_TISSUE,0.0,0.0,0.0,0.0,0.0,0.0,0.9713251566666666
KLE_ENDOMETRIUM,0.0,0.0,0.0,0.0,0.0,0.0,0.9200748933333335
KM12_LARGE_INTESTINE,0.0,0.0,0.0,1.0,0.0,0.0,0.830451675
KNS81_CENTRAL_NERVOUS_SYSTEM,0.0,0.0,0.0,0.0,0.0,0.0,0.7846770000000001
KU1919_URINARY_TRACT,0.0,0.0,0.0,0.0,0.0,1.0,0.34638347999999997
KYM1_SOFT_TISSUE,0.0,0.0,0.0,0.0,0.0,0.0,0.9641283966666666
KYSE520_OESOPHAGUS,0.0,0.0,0.0,0.0,0.0,0.0,0.7925672800000001
KYSE70_OESOPHAGUS,0.0,0.0,0.0,0.0,0.0,0.0,0.882551
LAMA84_HAEMATOPOIETIC_AND_LYMPHOID_TISSUE,0.0,0.0,0.0,0.0,0.0,0.0,0.42233787
LK2_LUNG,0.0,0.0,0.0,0.0,0.0,0.0,0.97113523
LN18_CENTRAL_NERVOUS_SYSTEM,0.0,0.0,0.0,0.0,0.0,0.0,0.9211918966666666
LN229_CENTRAL_NERVOUS_SYSTEM,0.0,0.0,0.0,0.0,0.0,0.0,0.8104036200000001
LOVO_LARGE_INTESTINE,0.0,0.0,0.0,0.0,1.0,0.0,0.49571303499999997
LS180_LARGE_INTESTINE,0.0,0.0,0.0,1.0,1.0,0.0,0.6503609450000001
LS411N_LARGE_INTESTINE,0.0,0.0,0.0,1.0,0.0,0.0,0.5117598266666666
LS513_LARGE_INTESTINE,0.0,0.0,0.0,1.0,1.0,0.0,0.45754235
LU99_LUNG,0.0,0.0,0.0,0.0,1.0,0.0,0.7845
MCF7_BREAST,0.0,0.0,0.0,0.0,0.0,0.0,0.9772945599999999
MDAMB157_BREAST,0.0,0.0,0.0,0.0,0.0,0.0,0.91883932
MDAMB175VII_BREAST,0.0,0.0,0.0,0.0,0.0,0.0,0.951494
MDAMB231_BREAST,0.0,0.0,0.0,1.0,1.0,0.0,0.698296145
MDAMB361_BREAST,0.0,0.0,1.0,1.0,0.0,0.0,0.88625873
MDAMB453_BREAST,0.0,0.0,0.0,0.0,0.0,0.0,0.9744221066666666
MFE280_ENDOMETRIUM,0.0,0.0,0.0,0.0,0.0,0.0,0.9759090766666666
MFE319_ENDOMETRIUM,0.0,0.0,0.0,1.0,0.0,0.0,0.9089452000000001
MIAPACA2_PANCREAS,0.0,0.0,0.0,0.0,1.0,0.0,0.509251465
MKN1_STOMACH,0.0,0.0,0.0,0.0,0.0,0.0,0.928880495
MV411_HAEMATOPOIETIC_AND_LYMPHOID_TISSUE,0.0,0.0,0.0,0.0,0.0,0.0,0.62120744
NCIH1355_LUNG,0.0,0.0,0.0,0.0,1.0,0.0,0.8509712133333333
NCIH1435_LUNG,0.0,0.0,0.0,0.0,0.0,0.0,0.9755397100000001
NCIH1693_LUNG,0.0,0.0,0.0,0.0,0.0,0.0,0.8689877433333334
NCIH1703_LUNG,0.0,0.0,0.0,0.0,0.0,0.0,0.96926838
NCIH1792_LUNG,0.0,0.0,0.0,0.0,1.0,0.0,0.7163062333333333
NCIH1793_LUNG,0.0,0.0,0.0,0.0,0.0,0.0,0.876916
NCIH1869_LUNG,0.0,0.0,0.0,0.0,0.0,0.0,0.8027183299999999
NCIH1975_LUNG,0.0,0.0,0.0,0.0,0.0,0.0,0.7811823066666667
NCIH2030_LUNG,0.0,0.0,0.0,0.0,1.0,0.0,0.8202875500000001
NCIH2228_LUNG,0.0,1.0,0.0,0.0,0.0,0.0,0.83762
NCIH226_LUNG,0.0,0.0,0.0,0.0,0.0,0.0,0.9385370366666667
NCIH23_LUNG,0.0,0.0,0.0,0.0,1.0,0.0,0.8688015533333333
NCIH358_LUNG,0.0,0.0,0.0,0.0,1.0,0.0,0.8722851400000001
NCIH460_LUNG,0.0,0.0,0.0,0.0,1.0,0.0,0.8186379666666667
NCIH508_LARGE_INTESTINE,0.0,0.0,0.0,1.0,0.0,0.0,0.57865988
NCIH520_LUNG,0.0,0.0,0.0,0.0,0.0,0.0,0.9570557033333333
NCIH596_LUNG,0.0,1.0,0.0,0.0,0.0,0.0,0.809782185
NCIH838_LUNG,0.0,0.0,0.0,0.0,0.0,0.0,0.813365365
NIHOVCAR3_OVARY,0.0,0.0,0.0,0.0,0.0,0.0,0.95359122
OAW42_OVARY,0.0,0.0,0.0,0.0,0.0,0.0,0.850954895
OE19_OESOPHAGUS,0.0,0.0,1.0,0.0,0.0,0.0,0.861285785
OSRC2_KIDNEY,0.0,0.0,0.0,0.0,0.0,0.0,0.8654598849999999
OV56_OVARY,0.0,0.0,0.0,0.0,1.0,0.0,0.7584091850000001
OV7_OVARY,0.0,1.0,0.0,0.0,1.0,0.0,0.8263366350000001
OVCAR4_OVARY,0.0,0.0,0.0,0.0,0.0,0.0,0.8284764833333332
OVCAR8_OVARY,0.0,0.0,0.0,0.0,1.0,0.0,0.8683082166666667
OVK18_OVARY,0.0,0.0,0.0,0.0,1.0,0.0,0.71885727
PANC0327_PANCREAS,0.0,0.0,0.0,0.0,1.0,0.0,0.6614442566666666
PANC1005_PANCREAS,0.0,0.0,0.0,0.0,1.0,0.0,0.729827
QGP1_PANCREAS,0.0,0.0,0.0,0.0,1.0,0.0,0.8115807333333334
RL952_ENDOMETRIUM,1.0,0.0,0.0,1.0,0.0,0.0,0.678806
RPMI7951_SKIN,0.0,0.0,0.0,1.0,0.0,0.0,0.6329272233333333
RPMI8226_HAEMATOPOIETIC_AND_LYMPHOID_TISSUE,0.0,0.0,0.0,0.0,1.0,0.0,0.798426465
RVH421_SKIN,0.0,0.0,0.0,1.0,0.0,0.0,0.4177729433333333
SKLU1_LUNG,0.0,0.0,0.0,0.0,1.0,0.0,0.8541529066666667
SKMEL24_SKIN,0.0,0.0,0.0,1.0,0.0,0.0,0.592423
SKMEL2_SKIN,0.0,0.0,0.0,0.0,0.0,1.0,0.4951245766666666
SKMEL5_SKIN,0.0,0.0,0.0,1.0,0.0,0.0,0.51755756
SKNAS_AUTONOMIC_GANGLIA,0.0,1.0,0.0,0.0,0.0,1.0,0.60670519
SNU182_LIVER,0.0,0.0,0.0,0.0,0.0,0.0,0.9163818766666667
SNU407_LARGE_INTESTINE,0.0,0.0,0.0,1.0,1.0,0.0,0.6863231949999999
SNU449_LIVER,0.0,0.0,0.0,0.0,0.0,0.0,0.8201663033333334
SUIT2_PANCREAS,0.0,0.0,0.0,0.0,1.0,0.0,0.47476811
SW1783_CENTRAL_NERVOUS_SYSTEM,0.0,1.0,0.0,0.0,0.0,0.0,0.9515656100000001
SW1990_PANCREAS,0.0,0.0,0.0,0.0,1.0,0.0,0.869189
SW48_LARGE_INTESTINE,0.0,0.0,0.0,0.0,0.0,0.0,0.8413767499999999
SW948_LARGE_INTESTINE,0.0,0.0,0.0,0.0,1.0,0.0,0.83072827
T47D_BREAST,0.0,0.0,0.0,0.0,0.0,0.0,0.9516286466666667
T84_LARGE_INTESTINE,0.0,0.0,0.0,0.0,1.0,0.0,0.9639359066666667
TE1_OESOPHAGUS,0.0,1.0,0.0,1.0,0.0,0.0,0.85807968
THP1_HAEMATOPOIETIC_AND_LYMPHOID_TISSUE,0.0,0.0,0.0,0.0,0.0,1.0,0.944321775
UACC893_BREAST,0.0,0.0,1.0,0.0,0.0,0.0,0.913133805
VMCUB1_URINARY_TRACT,0.0,0.0,0.0,0.0,0.0,0.0,0.82751449
201T_LUNG,0.0,0.0,0.0,0.0,0.0,0.0,0.868492
42MGBA_CENTRAL_NERVOUS_SYSTEM,0.0,1.0,0.0,0.0,0.0,0.0,0.9108324366666666
639V_URINARY_TRACT,0.0,1.0,0.0,0.0,1.0,1.0,0.87498471
647V_URINARY_TRACT,0.0,1.0,0.0,0.0,0.0,0.0,0.846570965
697_HAEMATOPOIETIC_AND_LYMPHOID_TISSUE,0.0,0.0,0.0,0.0,0.0,1.0,0.9321319100000001
8505C_THYROID,0.0,0.0,0.0,1.0,0.0,0.0,0.7652769199999999
8MGBA_CENTRAL_NERVOUS_SYSTEM,0.0,0.0,0.0,0.0,0.0,0.0,0.9363233366666667
A172_CENTRAL_NERVOUS_SYSTEM,0.0,1.0,0.0,0.0,0.0,0.0,0.859471
A388_SKIN,0.0,0.0,0.0,0.0,0.0,0.0,0.8669037049999999
A498_KIDNEY,0.0,0.0,0.0,0.0,0.0,0.0,0.85982998
ALLPO_HAEMATOPOIETIC_AND_LYMPHOID_TISSUE,0.0,0.0,0.0,0.0,0.0,0.0,0.771991
AM38_CENTRAL_NERVOUS_SYSTEM,0.0,0.0,0.0,1.0,0.0,0.0,0.926017745
ARH77_HAEMATOPOIETIC_AND_LYMPHOID_TISSUE,0.0,0.0,0.0,0.0,0.0,0.0,0.9794709999999999
ASH3_THYROID,0.0,0.0,0.0,0.0,0.0,1.0,0.646019625
ASPC1_PANCREAS,0.0,0.0,0.0,0.0,1.0,0.0,0.6265676766666667
BALL1_HAEMATOPOIETIC_AND_LYMPHOID_TISSUE,0.0,0.0,0.0,0.0,0.0,0.0,0.9971479999999999
BC1_HAEMATOPOIETIC_AND_LYMPHOID_TISSUE,0.0,0.0,0.0,0.0,0.0,0.0,0.9862989999999999
BCPAP_THYROID,0.0,0.0,0.0,1.0,0.0,0.0,0.7718480099999999
BE13_HAEMATOPOIETIC_AND_LYMPHOID_TISSUE,0.0,0.0,0.0,0.0,0.0,0.0,0.9538709999999999
BECKER_CENTRAL_NERVOUS_SYSTEM,0.0,0.0,0.0,0.0,0.0,0.0,0.786257615
BFTC905_URINARY_TRACT,0.0,0.0,0.0,0.0,0.0,1.0,0.668606935
BHT101_THYROID,0.0,0.0,0.0,1.0,0.0,0.0,0.350728285
BHY_UPPER_AERODIGESTIVE_TRACT,0.0,0.0,0.0,1.0,0.0,0.0,0.8275573250000001
BICR10_UPPER_AERODIGESTIVE_TRACT,0.0,0.0,0.0,1.0,0.0,0.0,0.85983293
BICR22_UPPER_AERODIGESTIVE_TRACT,0.0,0.0,0.0,0.0,0.0,0.0,0.640731275
BPH1_PROSTATE,0.0,0.0,0.0,0.0,0.0,0.0,0.396486965
BT549_BREAST,0.0,0.0,0.0,0.0,0.0,0.0,0.9032745633333334
BV173_HAEMATOPOIETIC_AND_LYMPHOID_TISSUE,0.0,0.0,0.0,0.0,0.0,0.0,0.73476721
BXPC3_PANCREAS,0.0,0.0,0.0,1.0,0.0,0.0,0.7461394166666667
C32_SKIN,0.0,0.0,0.0,1.0,0.0,0.0,0.3545072866666666
C33A_CERVIX,0.0,1.0,0.0,1.0,0.0,0.0,0.890155285
C3A_LIVER,0.0,0.0,0.0,0.0,0.0,1.0,0.8572411666666667
C4I_CERVIX,0.0,0.0,0.0,0.0,0.0,0.0,0.744131365
CA46_HAEMATOPOIETIC_AND_LYMPHOID_TISSUE,1.0,0.0,0.0,0.0,0.0,0.0,0.98467858
CAL12T_LUNG,0.0,1.0,0.0,1.0,0.0,0.0,0.7158683999999998
CAL29_URINARY_TRACT,0.0,0.0,0.0,0.0,0.0,0.0,0.765392225
CAL33_UPPER_AERODIGESTIVE_TRACT,0.0,0.0,0.0,0.0,0.0,0.0,0.573953415
CAL62_THYROID,0.0,0.0,0.0,0.0,1.0,0.0,0.633822435
CAL72_BONE,0.0,0.0,0.0,0.0,0.0,0.0,0.82587045
CAL78_BONE,0.0,0.0,0.0,0.0,0.0,0.0,0.9475936800000001
CAOV4_OVARY,0.0,0.0,0.0,0.0,0.0,0.0,0.788321685
CAPAN2_PANCREAS,0.0,0.0,0.0,0.0,1.0,0.0,0.7737066266666668
CASKI_CERVIX,0.0,0.0,0.0,0.0,0.0,0.0,0.862942055
CCRFCEM_HAEMATOPOIETIC_AND_LYMPHOID_TISSUE,0.0,0.0,0.0,0.0,1.0,0.0,0.95802488
CESS_HAEMATOPOIETIC_AND_LYMPHOID_TISSUE,0.0,0.0,0.0,0.0,0.0,0.0,0.975966
CFPAC1_PANCREAS,0.0,0.0,0.0,0.0,1.0,0.0,0.8433266349999999
CGTHW1_THYROID,0.0,0.0,0.0,0.0,0.0,0.0,0.7254717900000001
CHL1_SKIN,0.0,0.0,0.0,0.0,0.0,0.0,0.6558813966666667
CHP126_AUTONOMIC_GANGLIA,0.0,0.0,0.0,0.0,0.0,0.0,0.986234355
CHP134_AUTONOMIC_GANGLIA,0.0,0.0,0.0,0.0,0.0,0.0,0.97971813
CHSA0011_BONE,0.0,0.0,0.0,0.0,0.0,0.0,0.785116
CHSA0108_BONE,0.0,0.0,0.0,0.0,0.0,0.0,0.8458620000000001
CHSA8926_BONE,0.0,0.0,0.0,0.0,0.0,0.0,0.8850690000000001
CL34_LARGE_INTESTINE,0.0,0.0,0.0,1.0,0.0,0.0,0.509461515
COLO205_LARGE_INTESTINE,0.0,0.0,0.0,1.0,0.0,0.0,0.30537215666666667
COLO320_LARGE_INTESTINE,0.0,0.0,0.0,0.0,0.0,0.0,0.9910655
COLO678_LARGE_INTESTINE,0.0,0.0,0.0,0.0,1.0,0.0,0.7201736899999999
COLO679_SKIN,0.0,0.0,0.0,1.0,0.0,0.0,0.38968421333333336
COLO680N_OESOPHAGUS,0.0,0.0,0.0,0.0,0.0,0.0,0.9483398399999999
COLO684_ENDOMETRIUM,0.0,1.0,0.0,0.0,0.0,0.0,0.97690685
COLO800_SKIN,0.0,0.0,0.0,1.0,0.0,0.0,0.9594951599999999
CORL105_LUNG,0.0,0.0,0.0,0.0,0.0,0.0,0.807505
CP50MELB_SKIN,0.0,0.0,0.0,1.0,0.0,0.0,0.24569699999999997
CP66MEL_SKIN,0.0,0.0,0.0,0.0,0.0,1.0,0.337555
CPCN_LUNG,0.0,1.0,0.0,0.0,0.0,0.0,0.9509563249999999
CROAP2_HAEMATOPOIETIC_AND_LYMPHOID_TISSUE,0.0,0.0,0.0,0.0,0.0,0.0,0.967454
CS1_BONE,0.0,0.0,0.0,0.0,0.0,0.0,0.787708
CTB1_HAEMATOPOIETIC_AND_LYMPHOID_TISSUE,1.0,0.0,0.0,0.0,0.0,0.0,0.9779610000000001
CTV1_HAEMATOPOIETIC_AND_LYMPHOID_TISSUE,0.0,0.0,0.0,0.0,0.0,0.0,0.9488559999999999
CW2_LARGE_INTESTINE,0.0,0.0,0.0,0.0,1.0,0.0,0.8712302199999999
DBTRG05MG_CENTRAL_NERVOUS_SYSTEM,0.0,0.0,0.0,1.0,0.0,0.0,0.6638543733333333
DEL_HAEMATOPOIETIC_AND_LYMPHOID_TISSUE,0.0,0.0,0.0,0.0,0.0,0.0,0.9894645299999999
DG75_HAEMATOPOIETIC_AND_LYMPHOID_TISSUE,1.0,0.0,0.0,0.0,0.0,0.0,0.9736370000000001
DIFI_LARGE_INTESTINE,0.0,0.0,0.0,0.0,0.0,0.0,0.677884
DJM1_SKIN,0.0,0.0,0.0,0.0,0.0,0.0,0.854085
DKMG_CENTRAL_NERVOUS_SYSTEM,0.0,0.0,0.0,0.0,0.0,0.0,0.7301682266666667
DOHH2_HAEMATOPOIETIC_AND_LYMPHOID_TISSUE,1.0,0.0,0.0,0.0,0.0,0.0,0.9865551333333334
DOTC24510_CERVIX,0.0,0.0,0.0,0.0,0.0,0.0,0.95027285
EB2_HAEMATOPOIETIC_AND_LYMPHOID_TISSUE,1.0,0.0,0.0,0.0,0.0,0.0,0.9892898066666667
EB3_HAEMATOPOIETIC_AND_LYMPHOID_TISSUE,1.0,0.0,0.0,0.0,0.0,0.0,0.984246
ECC10_STOMACH,0.0,1.0,0.0,0.0,0.0,0.0,0.768465095
ECGI10_OESOPHAGUS,0.0,0.0,0.0,0.0,0.0,0.0,0.61811825
EHEB_HAEMATOPOIETIC_AND_LYMPHOID_TISSUE,0.0,0.0,0.0,0.0,0.0,0.0,0.89877674
EKVX_LUNG,1.0,0.0,0.0,0.0,0.0,0.0,0.7507845200000001
EM2_HAEMATOPOIETIC_AND_LYMPHOID_TISSUE,0.0,0.0,0.0,0.0,0.0,0.0,0.4970871866666666
EMCBAC1_LUNG,0.0,0.0,0.0,0.0,0.0,0.0,0.786613
EMCBAC2_LUNG,0.0,0.0,0.0,0.0,1.0,0.0,0.636998
EN_ENDOMETRIUM,0.0,0.0,0.0,1.0,0.0,0.0,0.9606716833333334
ES1_BONE,0.0,0.0,0.0,0.0,0.0,0.0,0.9863139999999999
ES3_BONE,0.0,0.0,0.0,0.0,0.0,0.0,0.972824
ES4_BONE,0.0,0.0,0.0,0.0,0.0,0.0,0.8740559999999999
ES5_BONE,0.0,0.0,0.0,0.0,0.0,0.0,0.947253
ES6_BONE,0.0,0.0,0.0,0.0,0.0,0.0,0.9804379999999999
ES7_BONE,0.0,0.0,0.0,0.0,0.0,0.0,0.981964
ES8_BONE,0.0,0.0,0.0,0.0,0.0,0.0,0.978584
ETK1_BILIARY_TRACT,0.0,0.0,0.0,0.0,0.0,0.0,0.809179
EVSAT_BREAST,0.0,0.0,0.0,0.0,0.0,0.0,0.9839790749999999
EW11_BONE,0.0,0.0,0.0,0.0,0.0,0.0,0.9582379999999999
EW13_BONE,0.0,0.0,0.0,0.0,0.0,0.0,0.915892
EW16_BONE,0.0,0.0,0.0,0.0,0.0,0.0,0.8809739999999999
EW18_BONE,0.0,0.0,0.0,0.0,0.0,0.0,0.9657870000000001
EW1_BONE,0.0,0.0,0.0,0.0,0.0,0.0,0.977617
EW22_BONE,0.0,0.0,0.0,0.0,0.0,0.0,0.957498
EW24_BONE,0.0,0.0,0.0,0.0,0.0,0.0,0.990834
EW3_BONE,0.0,0.0,0.0,0.0,0.0,0.0,0.983706
EW7_BONE,0.0,0.0,0.0,0.0,0.0,0.0,0.979245
FARAGE_HAEMATOPOIETIC_AND_LYMPHOID_TISSUE,0.0,0.0,0.0,0.0,0.0,0.0,0.92985548
FTC133_THYROID,0.0,1.0,0.0,0.0,0.0,0.0,0.842189375
G292CLONEA141B1_BONE,0.0,0.0,0.0,0.0,0.0,0.0,0.82438265
GA10_HAEMATOPOIETIC_AND_LYMPHOID_TISSUE,1.0,0.0,0.0,0.0,0.0,1.0,0.9579638850000001
GAK_SKIN,0.0,0.0,0.0,0.0,0.0,1.0,0.62427
GCT_SOFT_TISSUE,0.0,0.0,0.0,1.0,0.0,0.0,0.918498
GMS10_CENTRAL_NERVOUS_SYSTEM,0.0,1.0,0.0,0.0,0.0,0.0,0.8420761333333333
GOTO_AUTONOMIC_GANGLIA,0.0,0.0,0.0,0.0,0.0,1.0,0.96726603
GRST_HAEMATOPOIETIC_AND_LYMPHOID_TISSUE,1.0,1.0,0.0,1.0,1.0,0.0,0.981174
H9_HAEMATOPOIETIC_AND_LYMPHOID_TISSUE,0.0,0.0,0.0,0.0,0.0,1.0,0.8704270000000001
HA7RCC_KIDNEY,0.0,0.0,0.0,0.0,0.0,0.0,0.890525
HAL01_HAEMATOPOIETIC_AND_LYMPHOID_TISSUE,0.0,0.0,0.0,0.0,0.0,1.0,0.686106
HC1_HAEMATOPOIETIC_AND_LYMPHOID_TISSUE,0.0,0.0,0.0,0.0,0.0,0.0,0.91366
HCC1806_BREAST,0.0,0.0,0.0,0.0,0.0,0.0,0.9330454066666668
HCC2218_BREAST,0.0,0.0,1.0,1.0,0.0,0.0,0.9680210200000001
HCC56_LARGE_INTESTINE,0.0,0.0,0.0,0.0,1.0,0.0,0.39719382000000003
HDLM2_HAEMATOPOIETIC_AND_LYMPHOID_TISSUE,0.0,0.0,0.0,0.0,0.0,0.0,0.9809769400000001
HDMYZ_HAEMATOPOIETIC_AND_LYMPHOID_TISSUE,0.0,0.0,0.0,0.0,0.0,1.0,0.68365761
HEC1_ENDOMETRIUM,0.0,0.0,0.0,0.0,1.0,0.0,0.9477842599999999
HELA_CERVIX,0.0,0.0,0.0,0.0,0.0,0.0,0.966212215
HEY_OVARY,0.0,0.0,0.0,1.0,1.0,0.0,0.6303479999999999
HH_HAEMATOPOIETIC_AND_LYMPHOID_TISSUE,0.0,0.0,0.0,0.0,0.0,0.0,0.95766215
HL60_HAEMATOPOIETIC_AND_LYMPHOID_TISSUE,0.0,0.0,0.0,0.0,0.0,1.0,0.30063218
HLE_LIVER,0.0,0.0,0.0,0.0,0.0,0.0,0.9391434200000001
HN_UPPER_AERODIGESTIVE_TRACT,0.0,0.0,0.0,0.0,0.0,0.0,0.65639735
HOP62_LUNG,0.0,0.0,0.0,0.0,1.0,0.0,0.699149885
HOS_BONE,0.0,0.0,0.0,0.0,0.0,0.0,0.9250022166666666
HPAFII_PANCREAS,0.0,0.0,0.0,0.0,1.0,0.0,0.63025
HS683_CENTRAL_NERVOUS_SYSTEM,0.0,0.0,0.0,0.0,0.0,0.0,0.8756021
HSC2_UPPER_AERODIGESTIVE_TRACT,0.0,0.0,0.0,0.0,0.0,0.0,0.8418771833333333
HSC39_STOMACH,0.0,0.0,0.0,0.0,0.0,0.0,0.920275
HT1080_SOFT_TISSUE,0.0,0.0,0.0,0.0,0.0,1.0,0.61635797
HT1197_URINARY_TRACT,0.0,0.0,0.0,0.0,0.0,1.0,0.9149026433333334
HT3_CERVIX,0.0,1.0,0.0,0.0,0.0,0.0,0.83862469
HUCCT1_BILIARY_TRACT,0.0,1.0,0.0,0.0,1.0,0.0,0.6276737566666667
HUH7_LIVER,0.0,0.0,0.0,0.0,0.0,0.0,0.7511572150000001
HUO3N1_BONE,0.0,0.0,0.0,0.0,0.0,0.0,0.9670049999999999
HUO9_BONE,0.0,1.0,0.0,0.0,0.0,0.0,0.9445906900000001
HUPT3_PANCREAS,0.0,0.0,0.0,0.0,1.0,0.0,0.5955795933333333
HUPT4_PANCREAS,0.0,0.0,0.0,0.0,1.0,0.0,0.50470487
IALM_LUNG,0.0,0.0,0.0,0.0,1.0,0.0,0.8522323933333334
IGR1_SKIN,0.0,0.0,0.0,1.0,0.0,0.0,0.84407115
IHH4_THYROID,0.0,0.0,0.0,1.0,0.0,0.0,0.489378735
IM9_HAEMATOPOIETIC_AND_LYMPHOID_TISSUE,0.0,0.0,0.0,0.0,0.0,1.0,0.911393
IPC298_SKIN,0.0,0.0,0.0,0.0,0.0,1.0,0.22634892666666664
ISTMEL1_SKIN,0.0,0.0,0.0,1.0,0.0,0.0,0.7293930000000001
ISTSL1_LUNG,0.0,1.0,0.0,0.0,0.0,0.0,0.9623299999999999
ISTSL2_LUNG,0.0,1.0,0.0,1.0,0.0,0.0,0.9592579999999999
J82_URINARY_TRACT,0.0,1.0,0.0,0.0,0.0,0.0,0.964182
JEG3_PLACENTA,0.0,0.0,0.0,0.0,0.0,0.0,0.9816330600000001
JEKO1_HAEMATOPOIETIC_AND_LYMPHOID_TISSUE,0.0,0.0,0.0,1.0,0.0,0.0,0.95340989
JHH6_LIVER,0.0,0.0,0.0,0.0,0.0,0.0,0.920354
JHOS3_OVARY,0.0,0.0,0.0,0.0,0.0,0.0,0.7228220000000001
JIYOYEP2003_HAEMATOPOIETIC_AND_LYMPHOID_TISSUE,1.0,0.0,0.0,0.0,0.0,0.0,0.989798
JSC1_HAEMATOPOIETIC_AND_LYMPHOID_TISSUE,0.0,0.0,0.0,0.0,0.0,1.0,0.75742
JVM2_HAEMATOPOIETIC_AND_LYMPHOID_TISSUE,0.0,0.0,0.0,0.0,0.0,0.0,0.92757765
JVM3_HAEMATOPOIETIC_AND_LYMPHOID_TISSUE,0.0,0.0,0.0,1.0,0.0,0.0,0.8650728799999999
K2_SKIN,0.0,0.0,0.0,1.0,0.0,0.0,0.601029
KARPAS1106P_HAEMATOPOIETIC_AND_LYMPHOID_TISSUE,0.0,0.0,0.0,0.0,0.0,0.0,0.9445879999999999
KARPAS231_HAEMATOPOIETIC_AND_LYMPHOID_TISSUE,1.0,1.0,0.0,0.0,0.0,0.0,0.990232
KARPAS422_HAEMATOPOIETIC_AND_LYMPHOID_TISSUE,0.0,0.0,0.0,0.0,0.0,0.0,0.9710428999999999
KARPAS45_HAEMATOPOIETIC_AND_LYMPHOID_TISSUE,1.0,0.0,0.0,0.0,0.0,0.0,0.94565
KE37_HAEMATOPOIETIC_AND_LYMPHOID_TISSUE,0.0,0.0,0.0,0.0,0.0,1.0,0.977488125
KELLY_AUTONOMIC_GANGLIA,0.0,0.0,0.0,0.0,0.0,0.0,0.7506074033333333
KG1_HAEMATOPOIETIC_AND_LYMPHOID_TISSUE,0.0,0.0,0.0,0.0,0.0,0.0,0.9337070666666666
KGN_OVARY,0.0,0.0,0.0,0.0,0.0,0.0,0.746297
KMH2_HAEMATOPOIETIC_AND_LYMPHOID_TISSUE,0.0,0.0,0.0,0.0,0.0,0.0,0.993094605
KMOE2_HAEMATOPOIETIC_AND_LYMPHOID_TISSUE,0.0,0.0,0.0,1.0,0.0,1.0,0.156894
KMRC1_KIDNEY,0.0,0.0,0.0,0.0,0.0,0.0,0.8363137933333332
KMRC20_KIDNEY,0.0,0.0,0.0,0.0,0.0,0.0,0.8769637299999999
KNS42_CENTRAL_NERVOUS_SYSTEM,0.0,0.0,0.0,0.0,0.0,0.0,0.9460335533333334
KON_UPPER_AERODIGESTIVE_TRACT,0.0,0.0,0.0,0.0,0.0,0.0,0.75859028
KP1N_PANCREAS,0.0,0.0,0.0,0.0,1.0,0.0,0.9261873399999999
KP3_PANCREAS,0.0,0.0,0.0,0.0,1.0,0.0,0.7599811233333332
KP4_PANCREAS,0.0,0.0,0.0,0.0,1.0,0.0,0.891461
KPNYN_AUTONOMIC_GANGLIA,0.0,0.0,0.0,0.0,0.0,0.0,0.9701541
KS1_CENTRAL_NERVOUS_SYSTEM,0.0,0.0,0.0,0.0,0.0,0.0,0.6632300849999999
KU812_HAEMATOPOIETIC_AND_LYMPHOID_TISSUE,0.0,0.0,0.0,0.0,0.0,0.0,0.4135919033333333
KURAMOCHI_OVARY,0.0,0.0,0.0,0.0,0.0,0.0,0.9050700633333334
KY821_HAEMATOPOIETIC_AND_LYMPHOID_TISSUE,0.0,0.0,0.0,0.0,0.0,1.0,0.43123100000000003
KYAE1_OESOPHAGUS,0.0,0.0,1.0,0.0,0.0,0.0,0.8861971049999999
KYSE150_OESOPHAGUS,0.0,0.0,0.0,0.0,0.0,0.0,0.8608971100000001
KYSE510_OESOPHAGUS,0.0,0.0,0.0,0.0,0.0,0.0,0.9638655166666666
L363_HAEMATOPOIETIC_AND_LYMPHOID_TISSUE,0.0,0.0,0.0,0.0,0.0,1.0,0.94390331
L428_HAEMATOPOIETIC_AND_LYMPHOID_TISSUE,0.0,0.0,0.0,0.0,0.0,0.0,0.98742323
L540_HAEMATOPOIETIC_AND_LYMPHOID_TISSUE,0.0,0.0,0.0,0.0,0.0,0.0,0.986285195
LAN6_AUTONOMIC_GANGLIA,0.0,0.0,0.0,0.0,1.0,0.0,0.570784145
LB1047RCC_KIDNEY,0.0,0.0,0.0,0.0,0.0,0.0,0.6723
LB2518MEL_SKIN,0.0,0.0,0.0,0.0,0.0,1.0,0.341133
LB373MELD_SKIN,0.0,0.0,0.0,0.0,0.0,1.0,0.745577
LB647SCLC_LUNG,0.0,0.0,0.0,0.0,0.0,0.0,0.985231
LB996RCC_KIDNEY,0.0,0.0,0.0,0.0,0.0,0.0,0.938551
LC1SQSF_LUNG,0.0,0.0,0.0,0.0,0.0,0.0,0.9322334999999999
LC2AD_LUNG,0.0,0.0,0.0,0.0,0.0,0.0,0.90146
LC41_HAEMATOPOIETIC_AND_LYMPHOID_TISSUE,0.0,0.0,0.0,0.0,0.0,0.0,0.952285
LCLC103H_LUNG,0.0,0.0,0.0,0.0,0.0,0.0,0.9867457333333333
LCLC97TM1_LUNG,0.0,0.0,0.0,0.0,1.0,0.0,0.495283775
LOUCY_HAEMATOPOIETIC_AND_LYMPHOID_TISSUE,0.0,0.0,0.0,0.0,0.0,0.0,0.971727765
LOUNH91_LUNG,0.0,0.0,0.0,0.0,0.0,0.0,0.8855553533333334
LS1034_LARGE_INTESTINE,0.0,0.0,0.0,0.0,1.0,0.0,0.722997545
LS123_LARGE_INTESTINE,0.0,0.0,0.0,0.0,1.0,0.0,0.839672
LU135_LUNG,0.0,0.0,0.0,0.0,0.0,0.0,0.99159073
LU65_LUNG,0.0,1.0,0.0,0.0,1.0,0.0,0.98692592
LXF289_LUNG,0.0,0.0,0.0,0.0,0.0,0.0,0.7952790750000001
M059J_CENTRAL_NERVOUS_SYSTEM,0.0,0.0,0.0,0.0,0.0,0.0,0.9176168133333333
MC116_HAEMATOPOIETIC_AND_LYMPHOID_TISSUE,0.0,0.0,0.0,0.0,0.0,0.0,0.99862216
MCCAR_HAEMATOPOIETIC_AND_LYMPHOID_TISSUE,0.0,0.0,0.0,0.0,0.0,0.0,0.838304
MDAMB330_BREAST,0.0,0.0,1.0,0.0,0.0,0.0,0.98609858
MDAMB468_BREAST,0.0,0.0,0.0,0.0,0.0,0.0,0.8932461966666668
MDST8_LARGE_INTESTINE,0.0,0.0,0.0,1.0,0.0,0.0,0.599618235
ME180_CERVIX,0.0,0.0,0.0,0.0,0.0,0.0,0.8783951
MEG01_HAEMATOPOIETIC_AND_LYMPHOID_TISSUE,0.0,0.0,0.0,0.0,0.0,0.0,0.62068216
MELHO_SKIN,0.0,0.0,0.0,1.0,0.0,0.0,0.2521477966666667
MELJUSO_SKIN,0.0,0.0,0.0,0.0,0.0,1.0,0.5660884500000001
MESSA_SOFT_TISSUE,0.0,0.0,0.0,0.0,0.0,0.0,0.9527872466666666
MEWO_SKIN,0.0,0.0,0.0,0.0,0.0,0.0,0.761637
MFHINO_SOFT_TISSUE,0.0,0.0,0.0,0.0,0.0,1.0,0.5959300000000001
MG63_BONE,0.0,0.0,0.0,0.0,0.0,0.0,0.76389925
MHHES1_BONE,0.0,0.0,0.0,0.0,0.0,0.0,0.9842029499999999
MHHNB11_AUTONOMIC_GANGLIA,0.0,0.0,0.0,0.0,0.0,0.0,0.6114967849999999
MHHPREB1_HAEMATOPOIETIC_AND_LYMPHOID_TISSUE,1.0,0.0,0.0,0.0,0.0,0.0,0.988627
MKN28_STOMACH,0.0,0.0,0.0,0.0,0.0,0.0,0.801783
ML2_HAEMATOPOIETIC_AND_LYMPHOID_TISSUE,0.0,0.0,0.0,0.0,1.0,0.0,0.7559939999999999
MLMA_HAEMATOPOIETIC_AND_LYMPHOID_TISSUE,0.0,0.0,0.0,0.0,0.0,0.0,0.986029
MN60_HAEMATOPOIETIC_AND_LYMPHOID_TISSUE,1.0,0.0,0.0,0.0,0.0,0.0,0.986252
MOGGCCM_CENTRAL_NERVOUS_SYSTEM,0.0,1.0,0.0,0.0,0.0,0.0,0.9253139833333334
MOGGUVW_CENTRAL_NERVOUS_SYSTEM,1.0,0.0,0.0,0.0,0.0,0.0,0.83083226
MOLT13_HAEMATOPOIETIC_AND_LYMPHOID_TISSUE,0.0,0.0,0.0,0.0,0.0,1.0,0.43999581
MOLT16_HAEMATOPOIETIC_AND_LYMPHOID_TISSUE,0.0,0.0,0.0,0.0,0.0,0.0,0.9844334033333334
MOLT4_HAEMATOPOIETIC_AND_LYMPHOID_TISSUE,0.0,0.0,0.0,0.0,0.0,1.0,0.968090165
MONOMAC6_HAEMATOPOIETIC_AND_LYMPHOID_TISSUE,0.0,0.0,0.0,0.0,0.0,0.0,0.892722695
MPP89_PLEURA,0.0,1.0,0.0,0.0,0.0,0.0,0.7939898666666667
MRKNU1_BREAST,0.0,0.0,0.0,0.0,0.0,0.0,0.988258
MS751_CERVIX,0.0,0.0,0.0,0.0,0.0,0.0,0.969035305
MYM12_HAEMATOPOIETIC_AND_LYMPHOID_TISSUE,0.0,0.0,0.0,0.0,0.0,0.0,0.672718
MZ1PC_PANCREAS,0.0,0.0,0.0,0.0,1.0,0.0,0.655967
MZ2MEL_SKIN,0.0,0.0,0.0,0.0,0.0,1.0,0.561467
MZ7MEL_SKIN,0.0,0.0,0.0,1.0,0.0,0.0,0.454766
NALM6_HAEMATOPOIETIC_AND_LYMPHOID_TISSUE,0.0,0.0,0.0,0.0,0.0,1.0,0.9849304999999999
NCC010_KIDNEY,0.0,0.0,0.0,0.0,0.0,0.0,0.9266049999999999
NCC021_KIDNEY,0.0,0.0,0.0,0.0,0.0,0.0,0.9158540000000001
NCIH1155_LUNG,0.0,1.0,0.0,0.0,1.0,0.0,0.9439323399999999
NCIH1304_LUNG,0.0,1.0,0.0,0.0,0.0,0.0,0.9861280000000001
NCIH1417_LUNG,0.0,1.0,0.0,0.0,0.0,0.0,0.7498674750000001
NCIH1563_LUNG,0.0,0.0,0.0,0.0,0.0,0.0,0.8609496033333333
NCIH1568_LUNG,0.0,0.0,0.0,0.0,0.0,0.0,0.81971392
NCIH1573_LUNG,0.0,0.0,0.0,0.0,1.0,1.0,0.955884
NCIH1581_LUNG,0.0,0.0,0.0,0.0,0.0,0.0,0.909117
NCIH1623_LUNG,0.0,0.0,0.0,0.0,0.0,0.0,0.7543237899999999
NCIH1648_LUNG,0.0,0.0,0.0,0.0,0.0,0.0,0.9325772266666666
NCIH1688_LUNG,0.0,0.0,0.0,0.0,0.0,0.0,0.9520049999999999
NCIH1755_LUNG,0.0,0.0,0.0,1.0,0.0,0.0,0.87590734
NCIH1770_LUNG,0.0,1.0,0.0,0.0,0.0,0.0,0.98812137
NCIH1781_LUNG,0.0,0.0,0.0,0.0,0.0,0.0,0.9868226199999999
NCIH1838_LUNG,0.0,0.0,0.0,0.0,0.0,0.0,0.931835485
NCIH187_LUNG,0.0,0.0,0.0,0.0,0.0,0.0,0.98636531
NCIH1993_LUNG,0.0,0.0,0.0,0.0,0.0,0.0,0.983030625
NCIH2009_LUNG,0.0,0.0,0.0,0.0,1.0,0.0,0.7055727433333333
NCIH2023_LUNG,0.0,0.0,0.0,0.0,0.0,0.0,0.8679245
NCIH2085_LUNG,0.0,0.0,0.0,0.0,0.0,0.0,0.8799330633333334
NCIH2087_LUNG,1.0,1.0,0.0,1.0,0.0,1.0,0.7532985866666667
NCIH2110_LUNG,0.0,1.0,0.0,0.0,0.0,0.0,0.8989874600000001
NCIH2135_LUNG,0.0,0.0,0.0,0.0,0.0,1.0,0.9911675550000001
NCIH2141_LUNG,0.0,1.0,0.0,0.0,0.0,0.0,0.99046862
NCIH2291_LUNG,0.0,0.0,0.0,0.0,1.0,0.0,0.542047325
NCIH2342_LUNG,0.0,0.0,0.0,0.0,0.0,0.0,0.9632635350000001
NCIH2347_LUNG,0.0,0.0,0.0,0.0,1.0,1.0,0.58508409
NCIH2405_LUNG,0.0,0.0,0.0,1.0,0.0,0.0,0.7323193100000001
NCIH2444_LUNG,0.0,0.0,0.0,0.0,1.0,0.0,0.8818217866666668
NCIH2452_PLEURA,0.0,0.0,0.0,0.0,0.0,0.0,0.8533755266666666
NCIH28_PLEURA,0.0,0.0,0.0,0.0,0.0,0.0,0.841605105
NCIH322_LUNG,0.0,0.0,0.0,0.0,0.0,0.0,0.933692
NCIH345_LUNG,0.0,0.0,0.0,0.0,0.0,0.0,0.984940535
NCIH441_LUNG,0.0,0.0,0.0,0.0,1.0,0.0,0.707376
NCIH630_LARGE_INTESTINE,0.0,0.0,0.0,0.0,0.0,0.0,0.851454
NCIH64_LUNG,0.0,1.0,0.0,0.0,0.0,0.0,0.9958436749999999
NCIH647_LUNG,0.0,0.0,0.0,0.0,1.0,0.0,0.8467427700000001
NCIH720_LUNG,0.0,1.0,0.0,0.0,0.0,0.0,0.9897969999999999
NCIH727_LUNG,0.0,0.0,0.0,0.0,1.0,0.0,0.8087765299999999
NCIH810_LUNG,0.0,0.0,0.0,0.0,0.0,0.0,0.9876468133333334
NCIH835_LUNG,0.0,1.0,0.0,0.0,0.0,0.0,0.990778
NCIH847_LUNG,0.0,1.0,0.0,0.0,0.0,0.0,0.990325555
NCIH929_HAEMATOPOIETIC_AND_LYMPHOID_TISSUE,0.0,0.0,0.0,0.0,0.0,1.0,0.65397032
NEC8_TESTIS,0.0,0.0,0.0,0.0,0.0,0.0,0.9074040000000001
NH12_AUTONOMIC_GANGLIA,0.0,0.0,0.0,0.0,0.0,0.0,0.697424365
NKM1_HAEMATOPOIETIC_AND_LYMPHOID_TISSUE,0.0,0.0,0.0,0.0,0.0,0.0,0.738506
NMCG1_CENTRAL_NERVOUS_SYSTEM,0.0,0.0,0.0,1.0,0.0,0.0,0.8165147399999999
NO11_CENTRAL_NERVOUS_SYSTEM,0.0,1.0,0.0,0.0,0.0,0.0,0.8658204549999999
NOMO1_HAEMATOPOIETIC_AND_LYMPHOID_TISSUE,0.0,0.0,0.0,0.0,1.0,0.0,0.241798235
NUDUL1_HAEMATOPOIETIC_AND_LYMPHOID_TISSUE,1.0,0.0,0.0,0.0,1.0,0.0,0.869612375
NY_BONE,0.0,0.0,0.0,0.0,0.0,0.0,0.946542
OAW28_OVARY,0.0,0.0,0.0,0.0,0.0,0.0,0.966297175
OC314_OVARY,0.0,0.0,0.0,1.0,0.0,0.0,0.9232110333333333
OCIAML2_HAEMATOPOIETIC_AND_LYMPHOID_TISSUE,0.0,0.0,0.0,0.0,0.0,0.0,0.03644852333333334
OCIAML3_HAEMATOPOIETIC_AND_LYMPHOID_TISSUE,0.0,0.0,0.0,0.0,0.0,1.0,0.35235436499999995
OCILY7_HAEMATOPOIETIC_AND_LYMPHOID_TISSUE,0.0,0.0,0.0,0.0,0.0,0.0,0.9692824900000001
OCUBM_BREAST,0.0,0.0,1.0,0.0,0.0,0.0,0.989959
OE21_OESOPHAGUS,0.0,0.0,0.0,0.0,0.0,0.0,0.7213273133333332
OE33_OESOPHAGUS,0.0,0.0,1.0,0.0,0.0,0.0,0.8741169466666667
OMC1_CERVIX,0.0,0.0,0.0,0.0,0.0,0.0,0.843145
OSC19_UPPER_AERODIGESTIVE_TRACT,0.0,0.0,0.0,0.0,0.0,0.0,0.73540204
OSC20_UPPER_AERODIGESTIVE_TRACT,0.0,0.0,0.0,0.0,0.0,0.0,0.87372863
OV17R_OVARY,0.0,0.0,0.0,0.0,0.0,0.0,0.86554483
OVCA420_OVARY,0.0,0.0,0.0,0.0,0.0,0.0,0.5833659999999999
OVCA433_OVARY,0.0,0.0,0.0,0.0,0.0,0.0,0.656988
OVCAR5_OVARY,0.0,0.0,0.0,0.0,1.0,0.0,0.48025993499999997
OVISE_OVARY,0.0,0.0,0.0,0.0,0.0,0.0,0.738154565
OVKATE_OVARY,0.0,0.0,0.0,0.0,0.0,0.0,0.93299531
OVMIU_OVARY,0.0,1.0,0.0,0.0,0.0,0.0,0.759138
P12ICHIKAWA_HAEMATOPOIETIC_AND_LYMPHOID_TISSUE,0.0,0.0,0.0,1.0,0.0,1.0,0.9937787199999999
P31FUJ_HAEMATOPOIETIC_AND_LYMPHOID_TISSUE,0.0,1.0,0.0,0.0,0.0,1.0,0.8758590466666667
P32ISH_HAEMATOPOIETIC_AND_LYMPHOID_TISSUE,1.0,0.0,0.0,0.0,0.0,0.0,0.9944299999999999
PA1_OVARY,0.0,0.0,0.0,0.0,0.0,1.0,0.988485255
PECAPJ15_UPPER_AERODIGESTIVE_TRACT,0.0,0.0,0.0,0.0,0.0,0.0,0.6712993549999999
PEO1_OVARY,0.0,0.0,0.0,0.0,0.0,0.0,0.833749255
PFSK1_CENTRAL_NERVOUS_SYSTEM,0.0,0.0,0.0,0.0,0.0,0.0,0.976697295
PL4_PANCREAS,0.0,0.0,0.0,0.0,1.0,0.0,0.7266
PSN1_PANCREAS,0.0,0.0,0.0,0.0,1.0,0.0,0.44542301
PWR1E_PROSTATE,0.0,0.0,0.0,0.0,0.0,0.0,0.90360722
QIMRWIL_HAEMATOPOIETIC_AND_LYMPHOID_TISSUE,0.0,0.0,0.0,0.0,0.0,0.0,0.9821049999999999
RAJI_HAEMATOPOIETIC_AND_LYMPHOID_TISSUE,1.0,0.0,0.0,0.0,0.0,0.0,0.98527336
RAMOS2G64C10_HAEMATOPOIETIC_AND_LYMPHOID_TISSUE,0.0,0.0,0.0,0.0,0.0,0.0,0.982792
RCC10RGB_KIDNEY,0.0,0.0,0.0,0.0,0.0,0.0,0.85196256
RCCAB_KIDNEY,0.0,0.0,0.0,0.0,0.0,0.0,0.8086840000000001
RCCER_KIDNEY,0.0,0.0,0.0,0.0,0.0,0.0,0.929154
RCCFG2_KIDNEY,0.0,0.0,0.0,0.0,0.0,0.0,0.901598
RCCJF_KIDNEY,0.0,0.0,0.0,0.0,0.0,0.0,0.560914
RCCJW_KIDNEY,0.0,0.0,0.0,0.0,0.0,0.0,0.851303
RCCMF_KIDNEY,0.0,0.0,0.0,0.0,0.0,0.0,0.759835
RCHACV_HAEMATOPOIETIC_AND_LYMPHOID_TISSUE,0.0,0.0,0.0,0.0,1.0,0.0,0.9832538049999999
RCK8_HAEMATOPOIETIC_AND_LYMPHOID_TISSUE,0.0,0.0,0.0,0.0,0.0,0.0,0.993206155
RCM1_LARGE_INTESTINE,0.0,0.0,0.0,0.0,1.0,0.0,0.41628557499999996
RD_SOFT_TISSUE,0.0,0.0,0.0,0.0,0.0,1.0,0.56739
REH_HAEMATOPOIETIC_AND_LYMPHOID_TISSUE,0.0,0.0,0.0,0.0,0.0,0.0,0.9775032033333334
RERFLCKJ_LUNG,0.0,0.0,0.0,0.0,0.0,0.0,0.8990879350000001
RERFLCSQ1_LUNG,0.0,0.0,0.0,0.0,0.0,0.0,0.75625151
RH18_SOFT_TISSUE,0.0,0.0,0.0,0.0,0.0,0.0,0.8616079600000001
RL_HAEMATOPOIETIC_AND_LYMPHOID_TISSUE,0.0,0.0,0.0,0.0,0.0,0.0,0.9903065849999999
RO82W1_THYROID,0.0,0.0,0.0,0.0,0.0,0.0,0.92497283
ROS50_HAEMATOPOIETIC_AND_LYMPHOID_TISSUE,1.0,0.0,0.0,0.0,0.0,0.0,0.9846629
RPMI6666_HAEMATOPOIETIC_AND_LYMPHOID_TISSUE,0.0,0.0,0.0,0.0,0.0,0.0,0.92202671
RPMI8866_HAEMATOPOIETIC_AND_LYMPHOID_TISSUE,0.0,0.0,0.0,0.0,0.0,0.0,0.888497
RS411_HAEMATOPOIETIC_AND_LYMPHOID_TISSUE,0.0,0.0,0.0,0.0,0.0,0.0,0.978486005
RT4_URINARY_TRACT,0.0,0.0,0.0,0.0,0.0,0.0,0.9413547233333333
RXF393_KIDNEY,0.0,0.0,0.0,0.0,0.0,0.0,0.672744
SAT_UPPER_AERODIGESTIVE_TRACT,0.0,0.0,0.0,0.0,0.0,0.0,0.70012094
SBC1_LUNG,0.0,1.0,0.0,0.0,0.0,0.0,0.988583
SBC3_LUNG,0.0,0.0,0.0,0.0,0.0,0.0,0.9818520000000001
SCC15_UPPER_AERODIGESTIVE_TRACT,0.0,0.0,0.0,0.0,0.0,0.0,0.868057505
SCC9_UPPER_AERODIGESTIVE_TRACT,0.0,0.0,0.0,0.0,0.0,0.0,0.8566201833333332
SCH_STOMACH,0.0,0.0,0.0,0.0,0.0,0.0,0.95449
SF126_CENTRAL_NERVOUS_SYSTEM,0.0,0.0,0.0,0.0,0.0,0.0,0.8756123333333333
SF268_CENTRAL_NERVOUS_SYSTEM,0.0,0.0,0.0,0.0,0.0,0.0,0.8914652700000001
SF539_CENTRAL_NERVOUS_SYSTEM,0.0,1.0,0.0,0.0,0.0,0.0,0.783279375
SH4_SKIN,0.0,0.0,0.0,1.0,0.0,0.0,0.390143685
SISO_CERVIX,0.0,1.0,0.0,0.0,1.0,0.0,0.77933108
SJRH30_SOFT_TISSUE,0.0,0.0,0.0,0.0,0.0,0.0,0.9390023066666667
SJSA1_BONE,0.0,0.0,0.0,0.0,1.0,1.0,0.46270000666666666
SKGT2_STOMACH,0.0,0.0,1.0,0.0,0.0,0.0,0.8820994950000001
SKM1_HAEMATOPOIETIC_AND_LYMPHOID_TISSUE,0.0,0.0,0.0,0.0,1.0,0.0,0.199467375
SKMEL1_SKIN,0.0,0.0,0.0,1.0,0.0,0.0,0.40009871500000005
SKMEL28_SKIN,0.0,0.0,0.0,1.0,0.0,0.0,0.38866694
SKMEL3_SKIN,0.0,0.0,0.0,1.0,0.0,0.0,0.55951939
SKMM2_HAEMATOPOIETIC_AND_LYMPHOID_TISSUE,0.0,0.0,0.0,0.0,0.0,0.0,0.9874903
SKNDZ_AUTONOMIC_GANGLIA,0.0,1.0,0.0,0.0,0.0,0.0,0.986882
SKNFI_AUTONOMIC_GANGLIA,0.0,0.0,0.0,0.0,0.0,0.0,0.7240642766666667
SKNSH_AUTONOMIC_GANGLIA,0.0,0.0,0.0,0.0,0.0,1.0,0.8772294166666667
SNB75_CENTRAL_NERVOUS_SYSTEM,0.0,1.0,0.0,0.0,0.0,0.0,0.835304605
SNU398_LIVER,0.0,0.0,0.0,0.0,0.0,0.0,0.842173
SNU5_STOMACH,0.0,0.0,0.0,0.0,0.0,0.0,0.6945190750000001
SNU81_LARGE_INTESTINE,0.0,0.0,0.0,0.0,1.0,1.0,0.74321002
SNUC1_LARGE_INTESTINE,0.0,0.0,0.0,0.0,0.0,0.0,0.385119135
SNUC2B_LARGE_INTESTINE,0.0,0.0,0.0,0.0,1.0,0.0,0.8400847466666667
SNUC5_LARGE_INTESTINE,1.0,0.0,0.0,1.0,0.0,0.0,0.70614077
ST486_HAEMATOPOIETIC_AND_LYMPHOID_TISSUE,1.0,0.0,0.0,0.0,0.0,0.0,0.9098911949999999
STS0421_SOFT_TISSUE,0.0,0.0,0.0,0.0,0.0,0.0,0.78005
SU8686_PANCREAS,0.0,0.0,0.0,0.0,1.0,0.0,0.920467
SUDHL16_HAEMATOPOIETIC_AND_LYMPHOID_TISSUE,0.0,0.0,0.0,0.0,0.0,0.0,0.996293
SUPB15_HAEMATOPOIETIC_AND_LYMPHOID_TISSUE,0.0,0.0,0.0,0.0,0.0,0.0,0.77644046
SUPB8_HAEMATOPOIETIC_AND_LYMPHOID_TISSUE,1.0,0.0,0.0,0.0,0.0,0.0,0.988301
SUPT1_HAEMATOPOIETIC_AND_LYMPHOID_TISSUE,0.0,0.0,0.0,0.0,0.0,0.0,0.9885988866666667
SW1088_CENTRAL_NERVOUS_SYSTEM,0.0,0.0,0.0,0.0,0.0,1.0,0.897156
SW1417_LARGE_INTESTINE,0.0,0.0,0.0,1.0,0.0,0.0,0.8025947066666667
SW1710_URINARY_TRACT,0.0,0.0,0.0,0.0,0.0,0.0,0.75981937
SW620_LARGE_INTESTINE,0.0,0.0,0.0,0.0,1.0,0.0,0.5701330733333333
SW684_SOFT_TISSUE,0.0,0.0,0.0,0.0,0.0,0.0,0.832875
SW756_CERVIX,0.0,0.0,0.0,0.0,1.0,0.0,0.70634448
SW780_URINARY_TRACT,0.0,0.0,0.0,0.0,0.0,0.0,0.6622741633333333
SW962_VULVA,0.0,0.0,0.0,0.0,0.0,0.0,0.6813739999999999
T98G_CENTRAL_NERVOUS_SYSTEM,0.0,0.0,0.0,0.0,0.0,0.0,0.9468165366666668
TCCSUP_URINARY_TRACT,0.0,0.0,0.0,0.0,0.0,0.0,0.8662467266666667
TCYIK_CERVIX,0.0,0.0,0.0,0.0,0.0,0.0,0.8437620000000001
TE10_OESOPHAGUS,0.0,0.0,0.0,0.0,0.0,0.0,0.88330825
TE15_OESOPHAGUS,0.0,0.0,0.0,0.0,0.0,0.0,0.46285312666666667
TE4_OESOPHAGUS,0.0,0.0,1.0,0.0,0.0,0.0,0.821163145
TE6_OESOPHAGUS,0.0,0.0,0.0,0.0,0.0,0.0,0.901904375
TE8_OESOPHAGUS,0.0,0.0,0.0,0.0,0.0,0.0,0.698772605
TE9_OESOPHAGUS,0.0,0.0,0.0,0.0,0.0,0.0,0.9383773166666666
TGBC11TKB_STOMACH,0.0,0.0,0.0,0.0,1.0,0.0,0.691668725
TGW_AUTONOMIC_GANGLIA,0.0,0.0,0.0,0.0,0.0,0.0,0.89837539
TK_HAEMATOPOIETIC_AND_LYMPHOID_TISSUE,0.0,0.0,0.0,0.0,0.0,0.0,0.9894879999999999
TK10_KIDNEY,0.0,0.0,0.0,0.0,0.0,0.0,0.7560769700000001
TMK1_STOMACH,0.0,0.0,0.0,0.0,0.0,0.0,0.498594
TOV112D_OVARY,0.0,0.0,0.0,0.0,0.0,0.0,0.9274125266666666
TT2609C02_THYROID,0.0,0.0,0.0,0.0,0.0,1.0,0.3991879466666666
TUR_HAEMATOPOIETIC_AND_LYMPHOID_TISSUE,0.0,0.0,0.0,0.0,0.0,0.0,0.909558
U118MG_CENTRAL_NERVOUS_SYSTEM,0.0,0.0,0.0,0.0,0.0,0.0,0.8656022666666666
U266B1_HAEMATOPOIETIC_AND_LYMPHOID_TISSUE,0.0,1.0,0.0,1.0,0.0,0.0,0.820606665
UACC62_SKIN,0.0,0.0,0.0,1.0,0.0,0.0,0.8827070933333333
UMUC3_URINARY_TRACT,0.0,0.0,0.0,0.0,1.0,0.0,0.849186
UWB1289_OVARY,0.0,0.0,0.0,0.0,0.0,0.0,0.9115128699999999
VAESBJ_SOFT_TISSUE,0.0,0.0,0.0,0.0,0.0,0.0,0.873251725
VAL_HAEMATOPOIETIC_AND_LYMPHOID_TISSUE,1.0,0.0,0.0,0.0,0.0,0.0,0.985310185
VCAP_PROSTATE,0.0,0.0,0.0,0.0,0.0,0.0,0.98366504
VMRCLCD_LUNG,0.0,0.0,0.0,0.0,0.0,0.0,0.9850608066666666
VMRCRCZ_KIDNEY,0.0,0.0,0.0,0.0,0.0,0.0,0.85737794
WIL2NS_HAEMATOPOIETIC_AND_LYMPHOID_TISSUE,0.0,0.0,0.0,0.0,1.0,0.0,0.991239
WM115_SKIN,0.0,0.0,0.0,1.0,0.0,0.0,0.5740616333333334
WM1552C_SKIN,0.0,0.0,0.0,1.0,0.0,0.0,0.746358
WM35_SKIN,0.0,0.0,0.0,1.0,0.0,0.0,0.474788
WSUNHL_HAEMATOPOIETIC_AND_LYMPHOID_TISSUE,0.0,0.0,0.0,1.0,0.0,0.0,0.96053812
YAPC_PANCREAS,0.0,0.0,0.0,0.0,1.0,0.0,0.8770625350000001
YH13_CENTRAL_NERVOUS_SYSTEM,0.0,0.0,0.0,0.0,0.0,0.0,0.8200410549999999
YKG1_CENTRAL_NERVOUS_SYSTEM,0.0,0.0,0.0,0.0,0.0,0.0,0.6945729166666667
YT_HAEMATOPOIETIC_AND_LYMPHOID_TISSUE,0.0,0.0,0.0,0.0,0.0,0.0,0.631029
ZR7530_BREAST,0.0,0.0,1.0,1.0,0.0,0.0,0.97597267
DAUDI_HAEMATOPOIETIC_AND_LYMPHOID_TISSUE,0.0,1.0,0.0,0.0,1.0,0.0,0.990688685
HS633T_SOFT_TISSUE,0.0,0.0,0.0,0.0,1.0,0.0,0.488817
IGR37_SKIN,0.0,0.0,0.0,1.0,0.0,0.0,0.12879314333333333
JHH2_LIVER,0.0,0.0,0.0,0.0,0.0,0.0,0.8097418166666667
JHH4_LIVER,0.0,0.0,0.0,0.0,0.0,0.0,0.7886062699999999
LC1SQ_LUNG,0.0,0.0,0.0,0.0,0.0,0.0,0.8936780000000001
NCIH1395_LUNG,0.0,0.0,0.0,1.0,0.0,0.0,0.846548965
PC3JPC3_LUNG,0.0,0.0,0.0,0.0,0.0,0.0,0.932608
SKNBE2_AUTONOMIC_GANGLIA,0.0,0.0,0.0,0.0,0.0,0.0,0.8123049999999999
